rank,symbol,securityName,sector,S0,closePrice,realized_volatility,v0,theta,mu,earnings_yield,fetch_pe_ratio,fetch_pb_ratio,roe,roa,debt_to_equity,eps,eps_growth_pct,dividend_per_share,graham_number,f_52w_position,f_reversion,z_technical,z_fundamental,z_composite,shrunk_score,liquidity_weight,sector_posterior_mean,mc_expected_return,mc_median_return,mc_return_vol,mc_prob_gain,mc_var_5,mc_cvar_5,mc_p25,mc_p75,mc_risk_adj_return,z_risk_adj,z_existing_composite,z_prob_gain,final_score
1,NLO,Nepal Lube Oil Limited,Manufacturing And Processing,271.3,271.3,0.2231515823235524,0.04979662869350518,0.04979662869350518,0.2325581395348837,0.2325581395348837,4.3,0.5,11.93,5.0,1.2358,63.09302325581396,11.31578947368421,20.99862,877.6509411027854,0.5786841092727976,0.0319120611616141,-4.979286541425941,7.716129236158834,2.7368426947328937,-0.1654565367208079,0.2170577060744644,-0.9700706422667996,0.17865598942637204,0.19283866174967568,0.21077784704845515,0.8169,-0.1909801892711025,-0.30600643161932917,0.05386641899180611,0.3142824070592727,0.8476032558834388,8.259862454823537,-0.10526855849015483,4.034483742464564,4.068734307026266
2,NUBL,Nirdhan Utthan Laghubitta Bittiya Sanstha Limited,Microfinance,604.0,604.0,0.2033614622599776,0.04135588433251629,0.04135588433251629,0.1136363636363636,0.1136363636363636,8.8,2.7,32.1,6.5,4.0363,68.63636363636363,30.3448275862069,12.0196,587.7667028419498,0.198055893074119,0.0081284529234056,-0.2952355396440598,10.502437387725962,10.207201848081905,8.029587004137216,0.7377130011756856,1.9047894002453176,0.08588045353511332,0.10036636935989585,0.17694086196623734,0.72315,-0.22617094556656617,-0.3314322886694375,-0.015454420630297644,0.19820977916919225,0.4853624684585319,4.342256359428166,2.5833047328108543,2.7202084127625197,3.3142661194481122
3,NTC,Nepal Doorsanchar Company Limited,Others,906.0,906.0,0.1387476644779202,0.019250914398077516,0.019250914398077516,0.0543478260869565,0.0543478260869565,18.4,1.6,9.3,6.76,0.3764,49.23913043478261,15.726495726495726,29.9886,792.0462714991165,0.672645739910314,-0.0007940709370037,-1.1956750284335382,7.0510826580372425,5.855407629603704,4.860992057645025,0.870842512348829,-1.8438407070037723,0.0393282617312838,0.05460081576719933,0.11581447415060324,0.7178,-0.17580920539994707,-0.2747396481787432,-0.011118345572231014,0.10615928874198094,0.33957984975299355,2.765628614928493,1.5437739845461156,2.6452071006141904,2.2528024599126817
4,KBL,Kumari Bank Limited,Commercial Banks,226.0,226.0,0.2822224027343629,0.07964948460515692,0.07964948460515692,0.125,0.125,8.0,1.3,18.34,1.6,9.9464,28.25,29.629629629629623,2.1018000000000003,332.416849059222,0.625,0.0020839799583203,-1.404173606082327,4.36703860103733,2.962864994955003,2.799774679923571,0.9451790409389424,-0.0120978262861928,0.09462794491451895,0.0997626800418504,0.25012024128179156,0.6596,-0.32256303711640444,-0.42985649636885787,-0.06798300750509706,0.25403475064798664,0.37832981620991163,3.1847065047132217,0.8675440216816127,1.8293049759351607,1.986761205744966
5,EBL,Everest Bank Limited,Commercial Banks,697.4,697.4,0.1265789745250913,0.01602223679182371,0.01602223679182371,0.0529100529100529,0.0529100529100529,18.9,2.7,15.26,1.35,9.9047,36.8994708994709,17.027027027027025,14.994099999999998,463.08468452767,0.5552407932011328,0.0,-0.7598348747194004,2.153716211052932,1.3938813363335314,1.2796328212634245,0.9187409613829336,-0.0120978262861928,0.038280299025675424,0.052239048748482286,0.1046204299050463,0.73505,-0.15112736019338846,-0.25024938263371416,-0.004966443947518134,0.09674633344325984,0.36589697691377004,3.0502463094495056,0.3688263785347855,2.8870337612793664,1.94503582744959
6,NBL,Nepal Bank Limited,Commercial Banks,292.0,292.0,0.2400978981558733,0.057647000698868106,0.057647000698868106,0.1052631578947368,0.1052631578947368,9.5,1.0,11.4,1.04,10.4598,30.73684210526316,29.6875,0.0,449.3785182132975,0.8394698085419737,0.0004796820393338,-2.177166311262134,3.0268250915465003,0.8496587802843663,0.8032020667551717,0.9460906789980138,-0.0120978262861928,0.07670263298834212,0.08696405399961149,0.20886250558498934,0.6702,-0.2842642387119946,-0.39128216290567114,-0.049563992176732685,0.21084203128691836,0.36723983930725496,3.064769262359893,0.2125222667458733,1.977905706546806,1.7064977529516678
7,DDBL,Deprosc Laghubitta Bittiya Sanstha Limited,Microfinance,861.0,861.0,0.1986914148523469,0.03947827833602742,0.03947827833602742,0.0558659217877095,0.0558659217877095,17.9,3.8,23.35,3.53,5.378,48.10055865921788,29.83333333333333,14.9814,495.19482413376255,0.5074626865671642,0.0018617640214103,-0.8144674674915107,5.739103689566256,4.924636222074745,4.4082212754097245,0.8289929996011601,1.9047894002453176,0.04176767262011586,0.05745791902134034,0.16623343693692774,0.6425,-0.25744015781864554,-0.355945467844791,-0.05128212561164219,0.14766888640952813,0.25125915333124793,1.8104471150452908,1.3952320730687493,1.5895811557975077,1.6001879064051177
8,NMB,NMB Bank Limited,Commercial Banks,257.1,257.1,0.1967290768079914,0.03870232966172458,0.03870232966172458,0.0757575757575757,0.0757575757575757,13.2,1.4,11.27,1.02,9.441,19.47727272727273,26.93877551020408,10.00119,283.6889058320889,0.6452380952380958,0.0086308356218125,-2.4871023781811004,2.730334236313194,0.2432318581320935,0.2218258449689914,0.9161632412154852,-0.0120978262861928,0.05828503625573137,0.07161698301946373,0.16557365780398306,0.6829,-0.23992254206512026,-0.3390417668619458,-0.03407364826032375,0.16299494920640217,0.35201877538233173,2.9001546334149313,0.021788370788053655,2.1559462045437754,1.599966442589949
9,GBBL,Garima Bikas Bank Limited,Development Banks,454.0,454.0,0.1621741516339111,0.026300455458178794,0.026300455458178794,0.0617283950617284,0.0617283950617284,16.2,2.6,17.18,1.58,9.5911,28.024691358024693,21.89189189189189,20.0214,331.82028397115937,0.9352051835853132,0.003825148694364,-3.134638920247576,3.062799249322544,-0.0718396709250317,-0.027841153105821,0.942674515135862,0.6956814049714489,0.0469959143781286,0.060715514616787924,0.13574273897173839,0.6991,-0.19917268051564063,-0.2930343518768712,-0.020231745676247553,0.12815386303143006,0.34621309938289324,2.837366696570559,-0.06012065378229794,2.38305298151629,1.5875090134185625
10,SAHAS,Sahas Urja Limited,Hydro Power,694.2,694.2,0.1761264047717769,0.031020510457831798,0.031020510457831798,0.0427350427350427,0.0427350427350427,23.4,3.8,17.64,7.42,1.2352,29.66666666666667,30.0,22.00614,349.2015328235485,0.8376383763837641,0.0010671127390188,-2.257074812967664,7.570946304556803,5.313871491589139,4.963213766361303,0.9362094207130464,-0.1831427877521426,0.03235161168064469,0.04626104510177098,0.14438804786997508,0.6461,-0.22672680250797073,-0.3263522999789817,-0.044368065508265137,0.12199287621973465,0.2240601778187215,1.5162922988141891,1.5773101768159326,1.6400493284580668,1.565450855943662
11,MATRI,Matribhumi Lagubitta Bittiya Sanstha Limited,Microfinance,727.1,727.1,0.2225356922434908,0.04952213432228965,0.04952213432228965,0.062111801242236,0.062111801242236,16.1,5.0,29.46,2.28,12.3508,45.161490683229815,,0.0,384.4036152808579,0.0627004957713619,-0.0004811327238985,1.643467337070183,4.395840132835959,6.0393074699061415,4.449127539917251,0.6153892900704286,1.9047894002453176,0.04538404433093954,0.05673257054707881,0.18727979750990764,0.6245,-0.28446462344057394,-0.38173649499572654,-0.06527434156395712,0.16619824768661767,0.24233283533179062,1.713909676363401,1.4086523178366392,1.3372402924947164,1.5164728561789595
12,SANIMA,Sanima Bank Limited,Commercial Banks,368.0,368.0,0.1725927698515466,0.02978826420502893,0.02978826420502893,0.0675675675675675,0.0675675675675675,14.8,2.0,14.13,1.24,9.5549,24.864864864864863,19.22077922077922,10.0096,320.8434829329412,0.7635983263598325,0.0066471537598818,-2.7480889710811534,2.778597490106342,0.0305085190251888,0.0265880195443148,0.907983201745617,-0.0120978262861928,0.04831699516003346,0.06456171293125235,0.14681290671999078,0.69095,-0.2197478681463637,-0.3222566345187217,-0.02632272285346174,0.1384088931786865,0.32910590927939426,2.652353758902825,-0.042263906697895634,2.2687986461875242,1.4977956701194766
13,SCB,Standard Chartered Bank Limited,Commercial Banks,657.2,657.2,0.144934309879561,0.02100595418026461,0.02100595418026461,0.043103448275862,0.043103448275862,23.2,2.9,12.96,1.69,6.9417,28.327586206896555,,18.993080000000003,380.0544503826367,0.4945255474452558,-0.0022014727093295,-0.1405771625769254,2.279604505985595,2.13902734340867,1.809506051220287,0.8468144500233217,-0.0120978262861928,0.03213340612134885,0.047632473392643315,0.11918119645419656,0.6874,-0.18390361995409582,-0.2847791632998702,-0.0218216216389491,0.10119475766690311,0.2696180863874637,2.0089975559199154,0.5426635286041873,2.219031420369474,1.4644707178835359
14,SADBL,Shangrila Development Bank Ltd.,Development Banks,404.5,404.5,0.2116653589175637,0.04480222416570106,0.04480222416570106,0.0588235294117647,0.0588235294117647,17.0,2.4,15.26,1.39,9.4348,23.794117647058822,29.82456140350877,10.517,300.3860108505486,0.3275862068965517,-0.0009385496937364,0.4589699189522286,2.5936647109246165,3.052634629876845,2.839594349908828,0.9096120034471332,0.6956814049714489,0.04466186019915698,0.0574525586964838,0.17676337716203755,0.6347,-0.26684593755742214,-0.36342984772847947,-0.05789431393523939,0.15662980474818072,0.2526646690972407,1.8256476593328914,0.8806077840224743,1.4802334483662987,1.378548867015406
15,BNT,Bottlers Nepal (Terai) Limited,Manufacturing And Processing,12001.0,12001.0,0.2399337440931124,0.05756820155453916,0.05756820155453916,0.0454545454545454,0.0454545454545454,22.0,3.5,17.36,7.47,0.9429,545.5,30.136986301369863,0.0,6487.290293885642,0.5881578947368421,-0.0088453184232043,0.4181286059594715,7.745033754079776,8.163162360039248,6.258904394876179,0.7915023119762451,-0.9700706422667996,0.03315275412656092,0.04348262032095296,0.19787451504032544,0.59435,-0.3075285302341532,-0.4119739684556121,-0.08675790745176334,0.15896265110659064,0.16754433545828082,0.9050778353861457,2.0023914103989067,0.9145693464625388,1.345901567606529
16,PCBL,Prime Commercial Bank Ltd.,Commercial Banks,257.0,257.0,0.2214352490380513,0.04903356951654381,0.04903356951654381,0.0763358778625954,0.0763358778625954,13.1,1.5,11.69,1.27,8.1228,19.618320610687025,4.381270903010033,7.9927,275.0065925649756,0.6286836935166997,0.0070138317464048,-2.1649471060980345,3.281601380475624,1.1166542743775896,1.0324363177410096,0.9253884386243412,-0.0120978262861928,0.054088173921140334,0.06778905760987564,0.1891304773484655,0.64615,-0.2792711552507973,-0.3823385879489281,-0.05737431255978526,0.17435963887591938,0.28598338395500894,2.1859869831993186,0.28772785675636725,1.6407502753005745,1.3176359910423894
17,MEN,Mountain Energy Nepal Limited,Hydro Power,653.0,653.0,0.18771215190492,0.03523585197277576,0.03523585197277576,0.0390625,0.0390625,25.6,4.3,18.17,10.73,0.6131,25.5078125,30.117647058823533,21.0266,295.2230276974492,0.7951482479784368,0.0087590564318044,-3.215827430547956,7.599328780965735,4.383501350417779,4.118458152046365,0.9419610571018504,-0.1831427877521426,0.03019955262027678,0.0441925840646229,0.15419417573946506,0.62915,-0.2471919663759974,-0.3452139194305931,-0.053083095821657544,0.12660848169814254,0.19585404231677078,1.2112451252048482,1.300168588610786,1.402428348847937,1.2850511552958412
18,NMFBS,National Laghubitta Bittiya Sanstha Limited,Microfinance,1200.0,1200.0,0.2070049367596953,0.042851043842885454,0.042851043842885454,0.048780487804878,0.048780487804878,20.5,4.3,23.96,2.84,7.1766,58.53658536585366,30.14705882352941,15.0,606.2633944582267,0.4655768626218169,5.000250012496077e-05,-0.3430748020063152,4.602011051472897,4.258936249466582,4.010512269629935,0.8944738813048878,1.9047894002453176,0.03441047397632237,0.04800016531845497,0.1738311448669877,0.62095,-0.2724909270158654,-0.3774619058483779,-0.0648031206663045,0.144396349073875,0.19795344500925086,1.233950002927803,1.2647544489635978,1.287473066676665,1.2569763940918934
19,GILB,Global IME Laghubitta Bittiya Sanstha Ltd.,Microfinance,1139.5,1139.5,0.2312821236536539,0.053491420721744044,0.053491420721744044,0.0543478260869565,0.0543478260869565,18.4,4.7,28.9,3.65,6.5651,61.92934782608696,30.163934426229503,5.013800000000001,581.2296331963387,0.3619278569263413,0.0089249349223494,-1.1907923977710304,6.150115047922792,4.959322650151762,4.084702026966371,0.7136647233379507,1.9047894002453176,0.03900725713952911,0.05008187015221688,0.19292594482474587,0.61025,-0.29837304319149377,-0.3986964627882628,-0.07822256573567463,0.16307359413438,0.20218772117437778,1.2797433721174263,1.2890941122086284,1.1374704423800044,1.2550290822064227
20,MNBBL,Muktinath Bikas Bank Ltd.,Development Banks,337.0,337.0,0.2122761166719793,0.045061149709335765,0.045061149709335765,0.0561797752808988,0.0561797752808988,17.8,2.1,12.36,1.12,9.8959,18.93258426966292,8.98989898989899,18.198,261.4577451290389,0.1492146596858639,0.0013966065432503,0.950940052782091,1.817172708571531,2.7681127613536223,2.52134475844198,0.8809282622791313,0.6956814049714489,0.04056095414808535,0.05543877894532423,0.17878558895545232,0.629,-0.27799793306426807,-0.3795516280010872,-0.06112926847517672,0.15497245869473775,0.22686925934613136,1.546672298240744,0.7761986558318461,1.400325508320414,1.209213483293119
21,NABIL,Nabil Bank Limited,Commercial Banks,569.0,569.0,0.1532372642881971,0.023481659166530763,0.023481659166530763,0.048780487804878,0.048780487804878,20.5,2.3,11.36,1.08,9.2179,27.75609756097561,3.1060606060606064,15.0216,393.0634637464332,0.875,0.0012846006299822,-2.466667803488096,1.450630197993066,-1.0160376054950293,-0.9502692528553116,0.9344897433075648,-0.0120978262861928,0.03696680811032409,0.05159042465553765,0.1264697257514136,0.68925,-0.19046226354638066,-0.2921295547751873,-0.02309723235705205,0.11158962625586288,0.2922976854001037,2.254275664894488,-0.36274449461577385,2.2449664535422618,1.2056057588199383
22,JBLB,Jeevan Bikas Laghubitta  Bittya Sanstha Ltd,Microfinance,1278.8,1278.8,0.2489641887009668,0.061983167255530595,0.061983167255530595,0.0483091787439613,0.0483091787439613,20.7,4.6,24.48,3.4,5.9955,61.77777777777778,30.0,13.93892,621.6268977449415,0.1999999999999999,0.0021158216440718,0.6021722073226149,5.267605735756466,5.869777943079081,5.224934113191061,0.8373655250395371,1.9047894002453176,0.03404579194282593,0.04372847594908302,0.2092265951106899,0.5918,-0.3297768227608833,-0.43308478207283324,-0.09296567362367966,0.16904344694769163,0.16272210483000135,0.8529257841578832,1.6631735808074202,0.8788210574946426,1.1822039574850498
23,MHNL,Mountain Hydro Nepal Limited,Hydro Power,252.0,252.0,0.3729922558822881,0.1391232229481583,0.1391232229481583,0.0507614213197969,0.0507614213197969,19.7,3.6,33.21,4.51,3.5105,12.791878172588833,,0.0,141.94086135368988,0.2871287128712871,-0.0088495575221238,1.8432711894942715,7.76734332457956,9.61061451407383,8.145226383964069,0.8503752865270051,-0.1831427877521426,0.03706188326635495,0.019164238400918077,0.3167973903398214,0.52385,-0.45400349652871425,-0.551278248795377,-0.18366704505307163,0.2353271896954457,0.11698923159246831,0.3583282976933194,2.6212429019584627,-0.07376570147339871,1.1770753395660332
24,GBIME,Global IME Bank Limited,Commercial Banks,243.8,243.8,0.2205284783108715,0.04863280974610852,0.04863280974610852,0.0671140939597315,0.0671140939597315,14.9,1.3,9.14,0.83,10.7578,16.36241610738255,1.7345750873108263,9.9958,262.76054257858044,0.4816247582205029,0.005402284630294,-1.2260527324128154,1.586965359656875,0.3609126272440592,0.3384624616541295,0.9398135752565202,-0.0120978262861928,0.0489319398578882,0.061161191669549475,0.18795715956753997,0.6345,-0.2772417921250179,-0.380593099721296,-0.06272899595864773,0.16881146410159809,0.2603355997210904,1.908608180656234,0.06005370651737955,1.4774296609962665,1.0829506870686987
25,API,Api Power Company Ltd.,Hydro Power,334.8,334.8,0.2521559693890791,0.06358263289854618,0.06358263289854618,0.045045045045045,0.045045045045045,22.2,2.8,13.4,6.43,1.0478,15.081081081081082,30.0,4.98852,201.42863304032576,0.6514851485148516,0.0047114605527713,-1.9256858043655287,6.7308525476981735,4.805166743332644,4.52572558989508,0.9439807911485406,-0.1831427877521426,0.03427936501961641,0.04309426695486751,0.20980363593213663,0.58635,-0.32484784582786547,-0.42772864844975267,-0.095829359403451,0.17103676396317702,0.16338785010715667,0.8601257678325682,1.4337820771001963,0.8024178516612976,1.0780467083053653
26,HDL,Himalayan Distillery Limited,Manufacturing And Processing,1312.0,1312.0,0.1831016153378819,0.033526201539341674,0.033526201539341674,0.0249376558603491,0.0249376558603491,40.1,9.3,26.27,22.94,0.1068,32.718204488778056,29.92537313432836,25.0592,322.2637329937842,0.6740018861993083,0.0064900194854013,-2.300415397617339,8.020929847098024,5.720514449480685,5.385985126888007,0.9499999898356716,-0.9700706422667996,0.017450524923331632,0.03157880496392129,0.14952603196997985,0.6014,-0.25560937304181114,-0.34945401649308655,-0.062085094676344155,0.11032822750472515,0.11670559763690613,0.35526081840400325,1.7160100851900713,1.0134028512561326,1.0311889316888565
27,ADBL,Agricultural Development Bank Limited,Commercial Banks,313.0,313.0,0.1832256732007282,0.033571647319860044,0.033571647319860044,0.0515463917525773,0.0515463917525773,19.4,1.3,6.96,0.59,9.7986,16.1340206185567,,12.9895,295.6399059747485,0.5072992700729928,0.0045896588246622,-1.225016544990965,0.5992129031743867,-0.625803641816578,-0.5393749327836243,0.8591691542661053,-0.0120978262861928,0.03942369182196502,0.05322843419144818,0.15178397612182673,0.6561,-0.23163309477581961,-0.33266374685654565,-0.041784623270520155,0.13334447045403708,0.2597355322298468,1.9021184971557759,-0.22794112365328564,1.7802386969596184,1.0257186887929197
28,SHINE,Shine Resunga Development Bank Ltd.,Development Banks,433.0,433.0,0.1887747710054877,0.03563591416817432,0.03563591416817432,0.0543478260869565,0.0543478260869565,18.4,2.7,15.55,1.75,9.9503,23.532608695652176,30.163934426229503,16.021,291.3992044889821,0.7458143074581433,0.0045937543501462,-2.3543136314021487,2.4960590352269265,0.1417454038247778,0.1796347343372725,0.9315998049701372,0.6956814049714489,0.038385933231880096,0.053130980203851874,0.1582833379172,0.64695,-0.2459505790189496,-0.34819655245885656,-0.04745134580252794,0.13748905565962027,0.2425140494065159,1.7158694925640061,0.007946602576668545,1.651965424780699,1.0199195230124096
29,CBBL,Chhimek Laghubitta Bittiya Sanstha Limited,Microfinance,956.8,956.8,0.182574206638362,0.0333333409296273,0.0333333409296273,0.037593984962406,0.037593984962406,26.6,3.8,15.06,2.36,5.3495,35.96992481203007,13.92670157068063,24.97248,451.4189737149268,0.4326200115673795,0.0013186261171693,-0.3784072437164382,3.0524404253398107,2.6740331816233724,2.5857032582332145,0.8851730419816717,1.9047894002453176,0.02722801849461148,0.042228353451808975,0.15073942846163146,0.62705,-0.24313417816368094,-0.34538710924837984,-0.05350556938720641,0.12122123749813474,0.18062970499813177,1.0465950947600589,0.7973129479944474,1.3729885814626113,1.0121609333943247
30,SLBBL,Swarojgar Laghubitta Bittiya Sanstha Ltd.,Microfinance,822.0,822.0,0.2236249011222815,0.05000809640195018,0.05000809640195018,0.0423728813559322,0.0423728813559322,23.6,4.8,22.15,3.54,6.7359,34.83050847457627,29.873417721518987,14.9604,366.3417843573153,0.3024660291897333,0.0064895310395493,-0.5421929638477198,4.5765777812039,4.03438481735618,3.651529890006641,0.8202217546706859,1.9047894002453176,0.030351251708173037,0.043302951767516196,0.1857462128525721,0.6016,-0.2932111319391433,-0.3969686851157413,-0.07951456552180261,0.1497311678999408,0.16340172562367672,0.8602758304704123,1.146981988928344,1.0162066386261632,1.0061444554847352
31,KSBBL,Kamana Sewa Bikas Bank Limited,Development Banks,448.0,448.0,0.2221570710404368,0.049353764213265684,0.049353764213265684,0.0497512437810945,0.0497512437810945,20.1,2.6,14.0,1.18,9.8761,22.288557213930343,19.705882352941178,15.008,293.9575170224549,0.337952270977675,-0.0050193221694132,1.0252309944233662,1.736417719746126,2.7616487141694925,2.573647064848828,0.9090006659429464,0.6956814049714489,0.03385977652903526,0.04719930813914319,0.18497796449606543,0.6089,-0.29111068790717404,-0.39641459069953716,-0.07567302131242484,0.15234025632363368,0.18304762203043637,1.072744680430006,0.7933576353269288,1.1185448776322955,0.9701499018292331
32,CZBIL,Citizens Bank International Limited,Commercial Banks,213.4,213.4,0.237016978368977,0.05617704803516011,0.05617704803516011,0.0632911392405063,0.0632911392405063,15.8,1.3,8.9,0.84,9.7942,13.50632911392405,25.07936507936508,3.990580000000001,223.34974167901288,0.5467625899280577,0.001407789770061,-0.931986989498309,1.5985112256249896,0.6665242361266805,0.6218455219093557,0.9341625969859166,-0.0120978262861928,0.04561136895871064,0.05451410223396247,0.19803264920858465,0.61605,-0.2944574280322753,-0.3953115089264195,-0.07635764567737294,0.17120496457823514,0.23032247026432953,1.5840185072029895,0.15302406393046228,1.2187802761109046,0.9385730836755617
33,SBL,Siddhartha Bank Limited,Commercial Banks,456.8,456.8,0.1648290433022571,0.027168613515937343,0.027168613515937343,0.0478468899521531,0.0478468899521531,20.9,2.0,10.19,0.91,9.5561,21.856459330143544,3.500837520938023,20.00784,335.1422750081041,0.9770609318996416,-0.0006344483580913,-2.660269900254778,1.070498590510326,-1.589771309744452,-1.5027116723060503,0.9448177088914704,-0.0120978262861928,0.03557127093088581,0.050900356888560094,0.13690705027870395,0.6661,-0.2120783668006089,-0.31321866149236677,-0.03545824427211708,0.11859978638517854,0.25982059257337575,1.9030384181913234,-0.5439859885153236,1.92042806546117,0.927706584962634
34,SMPDA,Sampada Laghubitta Bittiya Sanstha Limited,Microfinance,750.0,750.0,0.196361257693936,0.03855774352314434,0.03855774352314434,0.0432900432900432,0.0432900432900432,23.1,4.3,19.17,2.09,7.8853,32.467532467532465,30.0,0.0,356.9540425078558,0.1204481792717086,0.0118453360675642,-0.4884330674116525,3.0898967401632613,2.601463672751609,2.3810935757487863,0.6836827399840106,1.9047894002453176,0.027631061872062913,0.04190416779549455,0.16228682763981536,0.6153,-0.26481480456249645,-0.36201353843985123,-0.06358449773626426,0.13064350692759008,0.17026065685003214,0.9344546411208777,0.7301860163647935,1.208266073473288,0.9075094776889262
35,RADHI,Radhi Bidyut Company Ltd,Hydro Power,721.7,721.7,0.2713968555431898,0.07365625319873104,0.07365625319873104,0.0273972602739726,0.0273972602739726,36.5,4.2,12.24,10.28,0.1519,19.77260273972603,29.918032786885245,0.0,276.4883819303548,0.3203611457036117,-0.000553939897521,0.4351667759880477,6.363900421623593,6.799067197611641,6.411339573317582,0.9444692117385728,-0.1831427877521426,0.020643866398835677,0.02524478284357956,0.22380179852920687,0.5458,-0.3553266655283667,-0.46039519288967357,-0.11953719689792236,0.16512138808339993,0.09224173592216053,0.09068604632518375,2.052401291050419,0.23394996238750543,0.9040249274277422
36,SARBTM,Sarbottam Cement Limited,Manufacturing And Processing,825.7,825.7,0.1863760399627941,0.03473602827221302,0.03473602827221302,0.0256410256410256,0.0256410256410256,39.0,4.1,10.87,6.99,0.5902,21.17179487179488,30.0,19.98194,309.73430709944205,0.3934511434511437,0.0067670548070475,-1.014590683721273,5.868096046419967,4.853505362698694,4.430295929357431,0.9273282544985396,-0.9700706422667996,0.017955211085867794,0.03233120345153806,0.15306801215880134,0.59745,-0.2605012722585079,-0.35953212634817566,-0.06348553223047207,0.11331787503898749,0.11730217719976693,0.36171278022880543,1.4024741730920889,0.9580280506980197,0.8972803914679617
37,SWBBL,Swabalamban Laghubitta Bittiya Sanstha Limited,Microfinance,703.3,703.3,0.265249188707794,0.07035713211014293,0.07035713211014293,0.050251256281407,0.050251256281407,19.9,2.9,15.69,2.38,5.6358,35.34170854271357,7.316176470588235,3.02419,439.1433790708181,0.3242761692650332,-0.0035703153778585,0.8714610504835766,3.723391636615017,4.5948526870985935,3.974680926389176,0.7694583009476819,1.9047894002453176,0.03304056191373638,0.03997001913534859,0.22286667364694457,0.5707,-0.34292374050220303,-0.44295192741254685,-0.10852280912210027,0.1770537878069643,0.14825259143983888,0.6964391161112693,1.2529991493183616,0.5830214899563689,0.8963796041631262
38,MSLB,Mahuli Laghubitta Bittiya Sanstha Limited,Microfinance,1210.0,1210.0,0.2704824414337915,0.07316075112398446,0.07316075112398446,0.0411522633744855,0.0411522633744855,24.3,5.3,23.68,3.82,6.544,49.79423868312757,30.0,4.960999999999999,505.7496114303152,0.2207314831832382,0.0020869910888793,0.508415716129337,4.923585314854963,5.432001030984299,4.416955598182832,0.7122244029942693,1.9047894002453176,0.02918645019404712,0.03554757570328415,0.22550739016689264,0.565,-0.3495237518894558,-0.4499321890717235,-0.11539291559374057,0.1759631449150329,0.12942569275644106,0.4928276631774656,1.3980975693663955,0.5031135499104841,0.8569928029996412
39,NHDL,Nepal Hydro Developers Ltd.,Hydro Power,633.2,633.2,0.2222344891481273,0.049388168166929106,0.049388168166929106,0.0221238938053097,0.0221238938053097,45.2,5.1,11.69,9.52,0.1661,14.008849557522124,21.4218009478673,8.99144,197.82349017223672,0.1422550052687039,-0.0015925324419356,1.43458768408656,6.021041293811609,7.455628977898169,5.896536972042652,0.7958975534697381,-0.1831427877521426,0.014571486021616523,0.0257108968154941,0.18035101215742722,0.56455,-0.2994507979496427,-0.3988791736614962,-0.09288702994574632,0.13051406689084344,0.08079514413202832,-0.03310795845077116,1.8835084087637748,0.49680502832791495,0.8395211857907845
40,GUFL,Gurkhas Finance Ltd.,Finance,496.4,496.4,0.3282717920205868,0.10776236943640741,0.10776236943640741,0.0510204081632652,0.0510204081632652,19.6,3.0,16.84,2.03,6.6835,25.32653061224489,30.15384615384616,0.0,307.06786459899666,0.1952017448200652,-0.0013278075081479,1.1441216190665515,3.443637443525211,4.587759062591763,3.789211581496354,0.8336955557368273,-0.2139615687085477,0.04101486252894591,0.03798094825098697,0.27739791805329955,0.5552,-0.40536953962087874,-0.5088249107969819,-0.1462075007840704,0.21850881302339253,0.1478556970318186,0.6921467337897151,1.19215164746583,0.3657279687789648,0.8268649462580111
41,MSHL,Mid Solu Hydropower Limited,Hydro Power,550.0,550.0,0.3799267654784352,0.1443443471269059,0.1443443471269059,0.0264550264550264,0.0264550264550264,37.8,4.7,12.95,5.67,1.1954,14.55026455026455,,15.015,195.73077678471964,0.1459699598053733,-0.0745103318301137,4.068364691612251,5.224996363985035,9.293361055597286,8.117110329428924,0.8758771435529096,-0.1831427877521426,0.01568340844037839,0.002129382503382682,0.314900063141337,0.5035,-0.47140619824737373,-0.5631834222462956,-0.20509256282970154,0.21372053036526,0.04980439916056538,-0.368270468073504,2.6120187809512863,-0.3590510663740571,0.8256891118763015
42,CHDC,CEDB Holdings Limited,Investment,2402.0,2402.0,0.2555158358826295,0.06528834238679886,0.06528834238679886,0.0254452926208651,0.0254452926208651,39.3,8.9,26.15,25.67,0.0209,61.11959287531807,30.0,11.0492,609.2183606005916,0.58,0.004075660988609,-1.4915418889235454,8.05239944504288,6.560857556119335,6.093919817720744,0.9331095082597304,-0.4197719212609722,0.016229318287049384,0.023201346701952508,0.2092817573578108,0.5479,-0.33624371033092565,-0.4392745129848574,-0.1139692845041087,0.15015388518002487,0.07754769690366266,-0.06822884902402682,1.948264409681318,0.26338972977283265,0.8046921702174831
43,GVL,Green Ventures Limited,Hydro Power,489.3,489.3,0.2053761572887809,0.042179365982706066,0.042179365982706066,0.0264550264550264,0.0264550264550264,37.8,3.9,10.64,4.11,1.5216,12.944444444444446,30.0,9.98172,191.1561484151716,0.2007092198581561,0.0002657562810474,0.8777760119365743,3.906919657917587,4.784695669854161,3.92093599399196,0.8261296772765044,-0.1831427877521426,0.01979237603875497,0.0343587553175253,0.168797294162573,0.58805,-0.2807375443632141,-0.3790835140674008,-0.07610641101095889,0.12559455907114186,0.11725529213574018,0.3612057218880815,1.23536688305089,0.8262500443065603,0.8038790508369007
44,AVYAN,Aviyan Laghubitta Bittiya Sanstha Limited,Microfinance,1060.0,1060.0,0.3493590166365117,0.12205172250523046,0.12205172250523046,0.053763440860215,0.053763440860215,18.6,6.7,39.66,3.87,8.3496,56.98924731182795,,0.0,450.4050496103391,0.3347826086956522,0.0034837927900636,-0.2419019168158263,6.510985328691215,6.269083411875389,4.777771531008783,0.6582925263759672,1.9047894002453176,0.03632649634529542,0.02570505421865943,0.29799224718637857,0.53535,-0.43008063461682944,-0.5293427453666836,-0.16848371953111166,0.22516493692216227,0.12190416592474332,0.4114829323093346,1.5164715688741692,0.08745207230338478,0.7886722149340786
45,HLBSL,Himalayan Laghubitta Bittiya Sanstha Limited,Microfinance,869.0,869.0,0.2121145855874451,0.044992597418933564,0.044992597418933564,0.0359712230215827,0.0359712230215827,27.8,4.7,18.35,1.81,8.7138,31.2589928057554,29.892473118279568,7.038900000000001,360.611613091854,0.2228571428571428,-0.000586537245115,0.901481658204937,2.2424365609231405,3.1439182191280777,2.7190919351172598,0.6571572886232636,1.9047894002453176,0.02535964750842952,0.037838888563362594,0.17477441777142277,0.59325,-0.2847304675930831,-0.3804159334391228,-0.0763684266349478,0.13563664682248933,0.1450993104814454,0.662336626463669,0.8410741839469383,0.8991485159273683,0.7811940273497167
46,FOWAD,Forward Microfinance Laghubitta Bittiya Sanstha Limited,Microfinance,900.0,900.0,0.3845496124787953,0.14787840445759165,0.14787840445759165,0.0578034682080924,0.0578034682080924,17.3,3.2,20.46,2.71,6.2259,52.02312138728323,29.827586206896555,0.0,573.7672132746012,0.1241978104945261,0.0041953048290636,0.6473241495794473,4.771285066970982,5.418609216550429,4.45618016810894,0.7261017642465479,1.9047894002453176,0.04377342366074647,0.023866448032746068,0.33065819775728744,0.5311,-0.4666381144323392,-0.5604147632981076,-0.18719416974925357,0.25042280862993865,0.1323826959610946,0.5248074241011462,1.410966095389512,0.02787159069022576,0.7798837259343084
47,USHEC,Upper Solu Hydro Electric Company Limited,Hydro Power,502.0,502.0,0.1909236373399257,0.036451835295107475,0.036451835295107475,0.0307692307692307,0.0307692307692307,32.5,4.2,13.2,4.32,1.9937,15.446153846153846,30.09259259259259,0.0,203.81148367822868,0.65359477124183,0.0003985651654045,-1.2853539569457917,4.465327087906947,3.179973130961155,2.6598186944381847,0.8453355611001427,-0.1831427877521426,0.021296722928530493,0.0354532164011343,0.15601910509081973,0.60375,-0.26254381442975494,-0.3586155591194183,-0.06294009624253796,0.12064924558723705,0.1365007376252641,0.5693437261540644,0.8216282284759155,1.0463473528539966,0.7656582524227914
48,NESDO,NESDO Sambridha Laghubitta Bittiya Sanstha Limited,Microfinance,1357.9,1357.9,0.1895222819069494,0.035918695339217196,0.035918695339217196,0.0346020761245674,0.0346020761245674,28.9,4.8,17.06,3.3,3.9644,46.98615916955018,30.104166666666668,0.0,546.8768094384302,0.209126403123475,0.0218610076381835,-2.418269392978204,4.055844718443813,1.6375753254656091,1.7483194654899163,0.5855602287581417,1.9047894002453176,0.02424101978533964,0.03826064564219045,0.15282404670060631,0.6114,-0.2504546668999428,-0.3455823967021563,-0.059702688049421776,0.12022415778684936,0.15862045475624398,0.8085667558873249,0.5225898561019726,1.1535922197576842,0.7631810887472559
49,MANDU,Mandu Hydropower Limited,Hydro Power,740.2,740.2,0.2948944566215039,0.08696274054609203,0.08696274054609203,0.0315457413249211,0.0315457413249211,31.7,4.5,15.42,6.13,1.3582,23.350157728706627,,11.991240000000005,293.97097433920794,0.4118466898954705,-0.0078146991407851,1.0970520291515389,6.038012299585324,7.135064328736863,5.3180673382784125,0.7517155552533507,-0.1831427877521426,0.022021352155217472,0.024626539718015095,0.24397191852305866,0.5443,-0.3851841828435129,-0.48569659978664836,-0.1366030584608394,0.17813015890521822,0.09026183131455826,0.0692735311465831,1.6937280861317887,0.21292155711227348,0.7477849583338034
50,SMHL,Super Madi Hydropower Limited,Hydro Power,470.0,470.0,0.4015510236116876,0.16124322456359408,0.16124322456359408,0.0392156862745098,0.0392156862745098,25.5,3.9,16.44,4.38,2.4747,18.431372549019606,30.0,14.993,223.5562022526122,0.0504672897196261,0.0014489047984317,1.4103378030100993,5.227895618976465,6.638233421986564,5.93130883027303,0.8963662800617455,-0.1831427877521426,0.030943654797469366,0.009631309666575438,0.33921570256075145,0.5107,-0.4844413170891782,-0.5859189267108552,-0.20643211572754405,0.23978461479454444,0.09122117450305103,0.07964875352154674,1.8949161198834297,-0.25811472105293876,0.7382030051514028
51,JBBL,Jyoti Bikas Bank Limited,Development Banks,351.9,351.9,0.2749746747705256,0.07561107176515634,0.07561107176515634,0.0649350649350649,0.0649350649350649,15.4,2.1,14.53,1.35,9.3666,22.85064935064935,30.19607843137255,0.0,293.52190548261416,0.5689999999999997,0.0098140495867767,-2.304744790463769,2.8064269605621264,0.5016821700983574,0.5218683663833075,0.8959470314501227,0.6956814049714489,0.04698733283227063,0.05113927534592533,0.23065826309659926,0.58985,-0.33520139038034796,-0.4383365138324129,-0.10310056247668375,0.19523814900061076,0.2037097314506024,1.296203795521922,0.12022424917079143,0.8514841306368399,0.7368680440044534
52,MBL,Machhapuchhre Bank Limited,Commercial Banks,258.5,258.5,0.2402854150496372,0.057737080685576425,0.057737080685576425,0.059880239520958,0.059880239520958,16.7,1.5,9.51,0.79,9.8937,15.479041916167663,22.266666666666666,5.997199999999999,244.98976515344492,0.6772151898734177,0.0001934610176049,-1.366202005739365,1.44664652433974,0.0804445186003752,0.0745825306243116,0.9366561547230204,-0.0120978262861928,0.041007502565076855,0.05319247225444734,0.20274060387482978,0.61005,-0.31179787734463776,-0.4155172803396907,-0.08066961237908316,0.17129004388481783,0.20226585982941295,1.2805884356273305,-0.02651819894474079,1.1346666550099738,0.7285614256750307
53,VLBS,Vijaya laghubitta Bittiya Sanstha Ltd.,Microfinance,624.2,624.2,0.2609370841948736,0.06808816190812256,0.06808816190812256,0.0396825396825396,0.0396825396825396,25.2,3.6,15.3,1.7,7.5549,24.769841269841272,30.0,0.0,310.85904081105355,0.114315863524446,-0.0010882089361156,1.4907549724917404,2.258784553522993,3.7495395260147335,3.1976771340862946,0.7008470772168854,1.9047894002453176,0.028492269958250792,0.03553984243107777,0.21564948034122663,0.56945,-0.3347632077883384,-0.43450948145156243,-0.11010343748260401,0.16849040985376185,0.13212306337658167,0.5219995177831368,0.9980851109963151,0.5654978188936753,0.7211334152905159
54,SIKLES,Sikles Hydropower Limited,Hydro Power,574.0,574.0,0.2379133351908536,0.05660275506163545,0.05660275506163545,0.0245098039215686,0.0245098039215686,40.8,5.0,13.16,6.91,0.8199,14.068627450980394,30.0,14.9814,190.6286041125055,0.1408292865147554,0.0054300227710632,0.3824466844370259,5.995631994796883,6.378078679233909,4.800375253266489,0.7595412022127415,-0.1831427877521426,0.01699480280098656,0.02759518172579556,0.194097448704473,0.5608,-0.31957404769577247,-0.41761710861806567,-0.1012987805494959,0.14068835895326398,0.0875580947324163,0.04003282915429694,1.5238872419749974,0.44423401513983274,0.7144148314796843
55,ACLBSL,Aarambha Chautari Laghubitta Bittiya Sanstha Limited,Microfinance,877.0,877.0,0.242964034452661,0.059031522037513835,0.059031522037513835,0.0316455696202531,0.0316455696202531,31.6,4.8,16.47,1.64,7.9596,27.753164556962023,30.09523809523809,0.0,337.77436984011393,0.1838262822912767,-0.0112182197418118,2.6892656443143204,1.8614137760328888,4.550679420347209,3.423735765075549,0.5740776650919669,1.9047894002453176,0.022766167990502687,0.03249381811798524,0.20131286658256645,0.571,-0.32193631169575526,-0.4230777628429218,-0.09931406991912428,0.14961028663280046,0.11308848945909462,0.3161420732570715,1.0722488655286242,0.587227171011415,0.6728018097165613
56,UHEWA,Upper Hewakhola Hydropower Company Limited,Hydro Power,587.0,587.0,0.3703222857792486,0.13713859534476747,0.13713859534476747,0.032258064516129,0.032258064516129,31.0,4.9,16.47,6.87,1.3307,18.93548387096774,30.097087378640776,15.0272,225.9178120493933,0.3846153846153846,-0.0020570884548036,0.3577590804010092,6.663372683507802,7.021131763908811,6.265045767971378,0.8950503634313719,-0.1831427877521426,0.02101259199614788,0.004288811494468137,0.30761190561066626,0.50675,-0.45875085867993387,-0.5548013984310096,-0.1901079785712188,0.21451345060470206,0.06830877353213627,-0.16814709062371336,2.0044062296726963,-0.3134895216110517,0.6718057512973828
57,LBBL,Lumbini Bikas Bank Ltd.,Development Banks,484.4,484.4,0.2655009507595531,0.07049075485422664,0.07049075485422664,0.0485436893203883,0.0485436893203883,20.6,2.3,11.8,1.27,7.7721,23.51456310679612,18.727272727272727,0.0,333.80886440737885,0.4213114754098359,-0.0004539639305023,-0.0576161114629829,1.956890263140889,1.8992741516779064,1.7889868062194672,0.9083682202636792,0.6956814049714489,0.033802249613133516,0.04236116466910911,0.22059488701289928,0.57825,-0.34570247387236924,-0.440670057732912,-0.1043305392147536,0.17524937037047578,0.15323224427752458,0.750293676357096,0.5359317164067514,0.688864463175041,0.6522630497405473
58,SWMF,Suryodaya Womi Laghubitta Bittiya Sanstha Limited,Microfinance,617.0,617.0,0.209637048091247,0.04394769193241181,0.04394769193241181,0.0319488817891373,0.0319488817891373,31.3,4.0,13.01,1.69,6.691,19.71246006389776,30.096153846153847,0.0,261.5617646164385,0.2509568069983596,0.0049187269943646,-0.0615938003203064,1.775076705798153,1.7134829054778462,1.757989705565532,0.7673534286340734,1.9047894002453176,0.024489346043002683,0.03738636215466151,0.17116762132526767,0.5936,-0.2784323352614805,-0.37972779845065824,-0.07401338448973674,0.1329116438088499,0.14307230452461503,0.6404147138366224,0.5257624016849393,0.9040551438249221,0.6472818749736091
59,ICFC,ICFC Finance Limited,Finance,595.0,595.0,0.2073860102332433,0.04300895724046289,0.04300895724046289,0.0374531835205992,0.0374531835205992,26.7,3.1,12.34,1.06,10.6878,22.28464419475656,30.0,10.5315,310.2213955295337,0.1858887381275439,0.0028991370010787,0.5508369828083644,0.6291986442199697,1.180035627028334,0.9010406942413528,0.7998597603781393,-0.2139615687085477,0.027962992873503994,0.04008682495821814,0.17230823036760268,0.6037,-0.27733038983778685,-0.3713243595817872,-0.07201935099661078,0.13671361406954674,0.16228471973653086,0.8481954982052825,0.24462048799453723,1.045646406011489,0.6462556756822257
60,SHL,Soaltee Hotel Limited,Hotels And Tourism,518.0,518.0,0.1683507733061396,0.028341982872775204,0.028341982872775204,0.0124999999999999,0.0124999999999999,80.0,18.2,25.21,24.45,,6.475,12.539184952978056,1.6576000000000002,64.39324797380067,0.5636743215031318,-0.000270197243988,-0.759001892812573,5.596839821381717,4.837837928569145,4.314480900109949,0.9139429046853036,-1.243671405964712,0.008267888000792877,0.0233191268031524,0.13680072974450713,0.5793,-0.24083200145000003,-0.3361693454498186,-0.06129314978945466,0.09195158994629893,0.06043745538663585,-0.2532747874930261,1.3644783780955654,0.7035843468677039,0.5851983056145565
61,NMLBBL,Nerude Mirmire Laghubitta Bittiya Sanstha Limited,Microfinance,509.0,509.0,0.2107092700081654,0.044398396467373945,0.044398396467373945,0.0331125827814569,0.0331125827814569,30.2,2.7,8.46,1.11,7.0362,16.85430463576159,,0.0,267.3767794019432,0.1771378708551484,0.0039249718940455,0.4375677573602399,0.8245764759249942,1.2621442332852342,1.4051970830059424,0.7773999446733665,1.9047894002453176,0.02334877856790652,0.03615047607852795,0.17197045149115725,0.59335,-0.2816119881932763,-0.37782155525656186,-0.07522523754146557,0.13232287514343394,0.13577203737880003,0.5614628893560946,0.4100206344017308,0.9005504096123838,0.5687034914256069
62,MLBL,Mahalaxmi Bikas Bank Ltd.,Development Banks,356.2,356.2,0.2325355897930247,0.054072800520389847,0.054072800520389847,0.0392156862745098,0.0392156862745098,25.5,2.2,8.72,0.98,7.7177,13.968627450980392,15.74074074074074,10.00922,225.5816368109562,0.2920962199312714,0.0003370029206919,0.4345797759993642,0.9271489708863898,1.361728746885754,1.2803032383175423,0.8777481667681695,0.6956814049714489,0.027867498354699403,0.036169230735390134,0.19203488583702572,0.58375,-0.3044132055583018,-0.40028836759378567,-0.08840118795489932,0.15070342045692686,0.14511685329065532,0.662526350588276,0.3690463243321138,0.7659686158508936,0.5658227931383347
63,PRIN,Prabhu Insurance Ltd.,Non Life Insurance,592.0,592.0,0.2404974656931488,0.05783903100482729,0.05783903100482729,0.0225225225225225,0.0225225225225225,44.4,3.1,7.07,3.3,1.0841,13.333333333333334,,8.9984,239.3539692184885,0.1197396963123645,-0.0004558731659546,1.3697427965095272,2.8675794427412384,4.237322239250766,3.617148551214533,0.8501405427142155,0.0989535352086073,0.017170411014912484,0.027854515589313844,0.19608448953183139,0.56195,-0.324735863752331,-0.4205089894362816,-0.1028428787305565,0.14311226308702207,0.08756639067122708,0.04012254909081539,1.135702396729136,0.46035579251751096,0.5624011368314827
64,SBI,Nepal SBI Bank Limited,Commercial Banks,404.2,404.2,0.2187004794755599,0.0478298997228398,0.0478298997228398,0.0446428571428571,0.0446428571428571,22.4,2.1,9.62,0.83,10.2517,18.044642857142858,0.7567567567567567,9.01366,279.5464050958996,0.4958904109589039,0.0006436599494974,-0.5760358011707407,0.6187372670575232,0.0427014658867824,0.0308261853128479,0.7832950006644256,-0.0120978262861928,0.030591284927152542,0.041963235709393754,0.1801388450755109,0.60125,-0.2836828493010134,-0.38604317976940944,-0.07513681936322142,0.14608780445904784,0.16982058985850185,0.9296953506482145,-0.04087347854061079,1.011300010728608,0.5577887509887631
65,SGHC,Swet-Ganga Hydropower & Construction Limited ,Hydro Power,298.0,298.0,0.3551814306626856,0.12615384868759213,0.12615384868759213,0.0373134328358209,0.0373134328358209,26.8,3.6,13.9,3.49,,11.119402985074627,,0.0,143.90930497956512,0.0867052023121387,0.0003692638222163,1.4016483751376945,3.1843239251728264,4.585972300310521,3.600862433951592,0.7934396951701356,-0.1831427877521426,0.031472959628226486,0.020555410730095813,0.2978400094275909,0.52825,-0.43773421237680715,-0.5310777548362692,-0.17583571074699783,0.22049906257539797,0.105670691082482,0.2359191576069235,1.1303593598466797,-0.01208237933271666,0.5440949311148979
66,CHCL,Chilime Hydropower Company Limited,Hydro Power,352.0,352.0,0.2713860073339185,0.07365036497664566,0.07365036497664566,0.021551724137931,0.021551724137931,46.4,2.8,6.23,5.97,,7.586206896551724,5.543608124253286,12.0032,146.48593133409685,0.0441988950276243,-0.0022958532921402,2.004649447398181,2.915559978250597,4.920209425648778,4.549584625704682,0.9273762059826344,-0.1831427877521426,0.014779651903707116,0.020954682846263784,0.22105855888802178,0.53835,-0.3575355806645168,-0.4555629438413752,-0.1254233145390049,0.1551312309276301,0.06685853729460806,-0.18383128335168317,1.4416095848021475,0.12950888285385023,0.5290130971509559
67,EDBL,Excel Development Bank Ltd.,Development Banks,575.0,575.0,0.2636047565067896,0.06948746765300384,0.06948746765300384,0.043103448275862,0.043103448275862,23.2,3.2,14.35,1.56,8.5966,24.78448275862069,30.129870129870127,0.0,316.54839958214484,0.265084745762712,0.0093562939947689,-0.7975620466282809,1.978589531048676,1.1810274844203952,1.0681362493280382,0.7674005418555522,0.6956814049714489,0.031466494042845156,0.03949507248792039,0.2170096679136889,0.57585,-0.3346605961877223,-0.4375598180588177,-0.10516916514935523,0.17255912579648036,0.14500042484448344,0.661267185949079,0.2994400437737542,0.6552190147346677,0.5153266948360669
68,RAWA,Rawa Energy Development Limited,Hydro Power,416.0,416.0,0.3199199679902554,0.10234878591888605,0.10234878591888605,0.0268096514745308,0.0268096514745308,37.3,4.8,13.63,4.75,,11.152815013404826,,0.0,147.4719948876376,0.0782737465623016,0.0012515644555694,1.308510302117457,3.37810248421819,4.686612786335648,4.005673447240897,0.8601697089853826,-0.1831427877521426,0.02234451529553573,0.017309092368154144,0.26357419064081195,0.5291,-0.40186749001962463,-0.5052385455187145,-0.15477289564693658,0.18955178526346844,0.0847750503993235,0.009934419970212192,1.2631669615302907,-0.00016628301008454646,0.5092072959981843
69,ILI,IME Life Insurance Company Limited,Life Insurance,428.0,428.0,0.1658556721278468,0.02750810397697982,0.02750810397697982,0.0273224043715847,0.0273224043715847,36.6,3.2,8.69,2.47,,11.693989071038253,6.547406082289804,21.0576,187.594238612639,0.3397642015005357,0.0084350407615097,-1.0120434180003766,1.3949460173701096,0.382902599369733,0.1316012977126273,0.833955972049097,-1.130559250227243,0.019999115357719283,0.03484797894622349,0.13671287332954873,0.61525,-0.22822115986513558,-0.32463990029457407,-0.049799578802928984,0.10351522746059816,0.14628553164493202,0.675165516588378,-0.007811875600361327,1.20756512663078,0.5084544817213628
70,MFIL,Manjushree Finance Ltd.,Finance,764.8,764.8,0.2931453037531565,0.08593416911253039,0.08593416911253039,0.0363636363636363,0.0363636363636363,27.5,3.9,15.47,1.38,9.8463,27.81090909090909,18.96551724137931,14.99008,350.30028277449065,0.5592875318066156,-0.0155620486812805,1.5675205631576945,1.3653837269504168,2.932904290108111,2.743499631689723,0.9398116516826646,-0.2139615687085477,0.02522333805784916,0.027743093841675948,0.24436279965767704,0.5467,-0.3772490330426973,-0.47960493669602217,-0.13488103572948593,0.18174412263304557,0.10322085887534449,0.20942441178990973,0.8490816924830105,0.24656700555264524,0.47271584281969714
71,NADEP,Nadep Laghubittiya bittya Sanstha Ltd.,Microfinance,695.0,695.0,0.2705201587584815,0.07318115629471404,0.07318115629471404,0.0425531914893617,0.0425531914893617,23.5,3.6,17.72,2.08,6.8495,29.574468085106385,4.968287526427061,0.0,358.4188830749307,0.1963470319634703,0.0181807527212528,-1.8028731220671763,3.111799104254776,1.3089259821875996,1.4873393409850435,0.7005801104907531,1.9047894002453176,0.028370395136590922,0.03581505603047963,0.22463267534195328,0.56705,-0.3519496058906462,-0.4484788982198316,-0.11703588632395831,0.17491054478219742,0.1262968314534086,0.458989270213648,0.4369692991389832,0.5318523704533036,0.46475390183171317
72,RSDC,RSDC Laghubitta Bittiya Sanstha Ltd.,Microfinance,628.0,628.0,0.2317799811388543,0.05372195965672766,0.05372195965672766,0.0212765957446808,0.0212765957446808,47.0,4.8,10.54,2.55,3.1824,13.361702127659576,,7.9756,198.32677741116524,0.2674986435160063,-0.0039493092673952,1.197284728610686,2.28223087585572,3.479515604466406,3.01932024244498,0.7077616662580056,1.9047894002453176,0.015356649248289,0.027201704187636233,0.1889011845370245,0.56085,-0.31398310200431545,-0.41370480523138586,-0.09747042575231282,0.1367208729779365,0.08129461594392018,-0.027706209441070374,0.9395710136891396,0.44493496198234045,0.4537329140956958
73,BHDC,Bindhyabasini Hydropower Development Company Limited,Hydro Power,433.4,433.4,0.2402207753764564,0.05770602092246592,0.05770602092246592,0.0271739130434782,0.0271739130434782,36.8,3.7,10.37,4.7,,11.777173913043478,29.91869918699187,4.9841,176.1795087427098,0.1503024662633781,0.0054751299183369,0.3308171220029767,2.9546011434340245,3.285418265437001,2.720993266591605,0.8372740193440044,-0.1831427877521426,0.017142137334301,0.024845005055527558,0.19833113886796588,0.55575,-0.32734112744281496,-0.4239842693583032,-0.10429657804130246,0.1447646581486231,0.08643190087116355,0.027853129659923398,0.8416979596467681,0.3734383840465493,0.4225081125319865
74,MHL,Mandakini Hydropower Limited,Hydro Power,457.0,457.0,0.2435988856102433,0.0593404170705524,0.0593404170705524,0.0191570881226053,0.0191570881226053,52.2,3.9,7.81,5.57,,8.754789272030651,30.000000000000004,4.9813,151.92872881181202,0.1517241379310344,-0.0014202993554025,1.3638087389418108,2.749471850596332,4.113280589538142,3.2552573467407044,0.8002936006417074,-0.1831427877521426,0.01415884966205441,0.023103700974462238,0.19686036233805637,0.55055,-0.32705696626102193,-0.4271308472703367,-0.10428717283718969,0.13990587473243565,0.07192331403789796,-0.12905611465138184,1.0169756295247707,0.3005399124257428,0.4152757884345041
75,SMATA,Samata Gharelu Laghubitta Bittiya Sanstha Limited,Microfinance,700.0,700.0,0.2167046105447034,0.046960888231331585,0.046960888231331585,0.0257731958762886,0.0257731958762886,38.8,4.8,12.87,1.72,6.6929,18.04123711340206,30.07751937984496,5.390000000000001,243.30599926502123,0.1045223120694818,0.0098824208324316,-0.1170942561169932,1.4589933439573708,1.3418990878403776,1.5147009220554537,0.6930097562404604,1.9047894002453176,0.019216616488214974,0.030763905384143087,0.17768539395972271,0.57545,-0.29286645277850826,-0.3974388753144589,-0.08466224297843603,0.13260653858122878,0.10814966869235718,0.2627291087000451,0.4459458977021154,0.6496114399946062,0.4133922905597855
76,SMB,Support Microfinance Bittiya Sanstha Ltd.,Microfinance,1864.0,1864.0,0.3049119280737024,0.09297128388162265,0.09297128388162265,0.0304878048780487,0.0304878048780487,32.8,9.1,30.92,3.36,7.5588,56.82926829268293,30.09174311926605,10.0656,511.77556810515495,0.2699165712416161,0.0098930510256049,-0.901361051675506,4.76875647474427,3.867395423068764,3.24231329059966,0.6815040180250502,1.9047894002453176,0.02041375951054292,0.019987369129607857,0.2525861968525028,0.53415,-0.3946378162405846,-0.4939545677552218,-0.14760075321160435,0.18212644248746407,0.08081898284593712,-0.03285014460385619,1.012729032975478,0.0706293480831989,0.4060774249652884
77,GBLBS,Grameen Bikas Laghubitta Bittiya Sanstha Ltd.,Microfinance,692.0,692.0,0.2382908975673882,0.05678255186347149,0.05678255186347149,0.0383141762452107,0.0383141762452107,26.1,2.4,9.31,1.73,4.5986,26.513409961685824,,0.0,414.7357557848573,0.3178294573643411,0.0176320936456816,-2.2950124925541706,2.160619031869209,-0.1343934606849615,0.2841249757672288,0.7947616937790163,1.9047894002453176,0.02768514289211389,0.03847381542688599,0.1990127619126655,0.5823,-0.3156484810562627,-0.42075543252547143,-0.0917766154418154,0.15408046884854493,0.13911239975787684,0.5975886500969761,0.042227039393086134,0.7456411574181693,0.4050545072796588
78,CYCL,CYC Nepal Laghubitta Bittiya Sanstha Limited,Microfinance,1630.0,1630.0,0.4382079662399946,0.19202622167619224,0.19202622167619224,0.0680272108843537,0.0680272108843537,14.7,4.6,38.63,4.02,6.6233,110.8843537414966,,12.714,940.2455360944392,0.7494569152787833,0.0701295972898803,-5.787402354643353,7.7471309964927855,1.9597286418494324,1.956155638796209,0.9349644634891334,1.9047894002453176,0.04858086512774683,0.01533752557144108,0.375952242080353,0.51735,-0.5039659221921569,-0.5979042819686293,-0.21728660449533632,0.27546404481322156,0.12922084161254596,0.4906122139022,0.5907753125588643,-0.16488879099940798,0.39957725238454417
79,ILBS,Infinity Laghubitta Bittiya Sanstha Limited,Microfinance,950.0,950.0,0.3070783634995804,0.09429712132958043,0.09429712132958043,0.0386100386100386,0.0386100386100386,25.9,5.9,24.17,2.93,6.5569,36.67953667953668,30.11627906976744,0.0,364.53478514474426,0.3340757238307349,0.0154997327632282,-2.0503661165159874,4.3114168147460985,2.261050698230111,2.214812521889932,0.8702127438435567,1.9047894002453176,0.026616279043736323,0.02580189919959197,0.2554544598929137,0.5433,-0.38875716364611224,-0.4906296241918877,-0.1452262003861673,0.19152868899378012,0.10419187457088769,0.219925871425714,0.6756336765235956,0.19890262026211833,0.39800434323214756
80,HEI,Himalayan Everest Insurance Limited,Non Life Insurance,473.0,473.0,0.2330162079678229,0.0542965531757037,0.0542965531757037,0.0285714285714285,0.0285714285714285,35.0,2.2,6.47,2.94,1.0052,13.514285714285714,,7.9937,255.6860519129996,0.3089887640449438,0.0126311282380646,-1.4991127160992357,2.901678365642577,1.4025656495433416,1.1517846232004447,0.8076260387693033,0.0989535352086073,0.022145428899207332,0.03169833028512559,0.19201135980300724,0.5726,-0.31320744554725016,-0.41584631028417945,-0.09182004739110108,0.14492967280202246,0.1153339517095618,0.34042657380143393,0.3268828246123008,0.6096574699716639,0.3888552533598267
81,HPPL,Himalayan Power Partner Ltd.,Hydro Power,380.0,380.0,0.3747562037984567,0.1404422122854304,0.1404422122854304,0.0331125827814569,0.0331125827814569,30.2,2.9,11.96,3.67,1.6169,12.582781456953642,,0.0,192.6071412155463,0.1506228765571913,0.0072094995759118,0.0677860333090864,4.1242292829688845,4.1920153162779705,3.876253680491623,0.92782851995783,-0.1831427877521426,0.022642980625518026,0.005695167619795494,0.31302257811581174,0.5076,-0.4604693855936751,-0.5594180624044385,-0.19416360530811053,0.21801530444556944,0.07233657316930218,-0.12458674911229937,1.2207078182061941,-0.30157342528841957,0.378133742579874
82,TPC,Terhathum Power Company Limited,Hydro Power,365.0,365.0,0.3043282502619623,0.09261568390750756,0.09261568390750756,0.0305810397553516,0.0305810397553516,32.7,3.5,11.04,7.46,,11.162079510703364,,0.0,161.8364059180499,0.52751528627015,0.0030228084638637,-1.0844252971847026,4.732724169288108,3.6482988721034055,2.8931099239265308,0.8028969209972658,-0.1831427877521426,0.02111076228115945,0.020550603963336078,0.2523308022897272,0.5329,-0.39489442328795915,-0.49309643205666165,-0.14552199628657966,0.1829156775658638,0.08366304109365132,-0.0020918746527830065,0.8981648039767055,0.05310567702050535,0.3690503071336701
83,SALICO,Sagarmatha Lumbini Insurance Co. Limited,Non Life Insurance,533.0,533.0,0.2068955768289065,0.04280577971136595,0.04280577971136595,0.0224215246636771,0.0224215246636771,44.6,2.3,5.14,2.06,,11.95067264573991,,14.9773,249.62444984070865,0.1147540983606557,-0.0039245000934405,1.9163479948724376,0.4465048180159012,2.362852812888339,1.6245244384146875,0.6738687176797179,0.0989535352086073,0.015686058881780054,0.02920643908217535,0.16839214227107507,0.577,-0.28449579069981307,-0.3824943181309925,-0.0811273968775238,0.12356574194230036,0.0931519646357897,0.10053009945367564,0.48197603852663634,0.6713407921123459,0.367270613614594
84,TAMOR,Sanima Middle Tamor Hydropower Limited,Hydro Power,533.8,533.8,0.2275720006773507,0.05178901549229211,0.05178901549229211,0.0350877192982456,0.0350877192982456,28.5,4.1,15.66,4.4,2.3399,18.729824561403507,30.0,5.284619999999999,234.2369854232668,0.8945312499999997,0.0176341626155752,-5.024341151782378,4.962576043265335,-0.0617651085170436,-0.0678455543395363,0.9499047447536432,-0.1831427877521426,0.025991990219767228,0.03848352728133808,0.18877023585068683,0.5866,-0.303026338606061,-0.40713692922131006,-0.08619638652748793,0.1461025342455709,0.13769114660812487,0.5822179072213621,-0.07324502147543104,0.805922585873836,0.36477367147313966
85,LSL,Laxmi Sunrise Bank Limited,Commercial Banks,250.0,250.0,0.2238506840956389,0.050109128770085526,0.050109128770085526,0.0465116279069767,0.0465116279069767,21.5,1.4,6.8,0.66,,11.627906976744184,,10.0,216.1464066390881,0.9233791748526522,0.0059147788999315,-3.3937593505296144,1.0387962575852874,-2.354963092944327,-2.2345401783753664,0.9486001537165936,-0.0120978262861928,0.03535140542941525,0.04669476047659504,0.18696680887776523,0.6083,-0.28859648671830745,-0.39482461042479333,-0.07468714261787604,0.15389197917252007,0.1890785088626464,1.1379682550099492,-0.7840792309027431,1.1101335155222019,0.36358231274732283
86,RNLI,Reliable Nepal Life Insurance Limited,Life Insurance,438.1,438.1,0.2071244333287047,0.04290053088173704,0.04290053088173704,0.0255754475703324,0.0255754475703324,39.1,3.0,7.56,2.44,,11.20460358056266,,12.003940000000002,191.87372465982352,0.3054145516074451,0.0039185132564908,-0.1684778311597149,1.144549263156541,0.976071431996826,0.7247201640534078,0.880685651232396,-1.130559250227243,0.019294566856822903,0.03131142744238957,0.16826199051166016,0.5813,-0.27781243536019606,-0.37611682100371024,-0.07788590792198369,0.12605459933140206,0.11466978845401116,0.3332436995680285,0.18677446609021564,0.7316222205680142,0.35433171037690053
87,NIMB,Nepal Investment Mega Bank Limited,Commercial Banks,194.6,194.6,0.2454265724318402,0.06023420245564131,0.06023420245564131,0.0413223140495867,0.0413223140495867,24.2,1.0,4.08,0.46,,8.041322314049587,,0.0,187.6404267530484,0.2640776699029125,0.0088651563067033,-0.7187408384608109,0.3080311973453623,-0.4107096411154486,-0.378012174500302,0.9179716571392836,-0.0120978262861928,0.029520714228113233,0.03877496483897436,0.20297995103903585,0.58175,-0.3221733075950629,-0.4220528810105284,-0.09468823091145212,0.15985043243910702,0.14543660138353265,0.6659844014790994,-0.17500234425959157,0.7379307421505833,0.34397897131791977
88,KMCDB,Kalika Laghubitta Bittiya Sanstha Ltd,Microfinance,828.0,828.0,0.3497236651735519,0.12230664198242265,0.12230664198242265,0.0331125827814569,0.0331125827814569,30.2,4.6,16.27,2.26,6.2177,27.41721854304636,29.9009900990099,9.522,333.22625211609267,0.2047105436935945,0.0034295963256056,0.3817854362404224,2.706492408243005,3.088277844483428,2.9038243035585958,0.8441441977546493,1.9047894002453176,0.022875628381847504,0.013609907112079211,0.2901619540208388,0.51825,-0.4363713475739049,-0.5322001868439561,-0.17695883779543278,0.20682579951284658,0.07883744944798872,-0.054280275024057495,0.9016799036547011,-0.1522717478342682,0.3085055018854038
89,SKBBL,Sana Kisan Bikas Laghubitta Bittiya Sanstha Limited,Microfinance,767.9,767.9,0.2005845103077068,0.040234145775382535,0.040234145775382535,0.0172711571675302,0.0172711571675302,57.9,3.5,6.09,1.6,2.8434,13.26252158894646,,14.97405,255.8719168330792,0.1879999999999998,0.0021010322462775,0.6611875368705566,1.0192690687163186,1.6804566055868753,1.7100790134678698,0.8679532882113992,1.9047894002453176,0.012875333375627997,0.025841207543468525,0.16221799349136598,0.572,-0.2743995364540062,-0.3708541216863168,-0.07898516873979253,0.11446173251696373,0.07937056240504715,-0.04851469963164167,0.510044192684669,0.6012461078615702,0.304861018793525
90,RURU,Ru Ru Jalbidhyut Pariyojana Limited,Hydro Power,604.0,604.0,0.2523033263601116,0.06365696849237698,0.06365696849237698,0.0172117039586919,0.0172117039586919,58.1,4.7,8.07,6.45,,10.395869191049911,,10.5096,173.3768876510584,0.1626528343831048,0.0047241998802316,0.3856019086903511,3.2174469082528443,3.603048816943196,2.797180465164197,0.7871559509086589,-0.1831427877521426,0.012854315251015958,0.02250002857970146,0.20482308007777675,0.5456,-0.33992682396218754,-0.434214565550864,-0.11460691217458865,0.1445022134663051,0.06275813861472464,-0.22817677789429444,0.8666929296185654,0.23114617501747473,0.30163569569320337
91,BHL,Balephi Hydropower Limited,Hydro Power,212.2,212.2,0.3218470268271441,0.10358550867747242,0.10358550867747242,0.0363636363636363,0.0363636363636363,27.5,2.6,9.78,3.25,,7.716363636363636,,0.0,119.03745076787676,0.4344528710725894,-0.0021161533035505,0.1308286033683533,2.4694682744991185,2.600296877867472,2.365544177364672,0.9156609344177964,-0.1831427877521426,0.0228947343161908,0.0186060982486298,0.2678179450109354,0.5288,-0.40725019521844985,-0.5072118882072989,-0.15927484299465433,0.19480783219949815,0.0854861847112447,0.017625282544887926,0.7250846771244468,-0.004371964065130626,0.29620959105470773
92,SLBSL,Samudayik Laghubitta Bittiya Sanstha Limited,Microfinance,917.0,917.0,0.3619357852602547,0.13099751265195722,0.13099751265195722,0.0290697674418604,0.0290697674418604,34.4,7.1,21.97,1.97,9.1022,26.656976744186046,,0.0,278.3249880413686,0.1152522077533303,0.003029872132833,0.8653841183541714,2.350256378516756,3.215640496870928,2.95238523623761,0.7991722619670618,1.9047894002453176,0.023054828093908283,0.011571014213370368,0.30059839145399164,0.5142,-0.4422160300626754,-0.5431736491936985,-0.18437453690367114,0.21191241636021918,0.07669644532158769,-0.07743506903684957,0.9176114390944499,-0.2090484420773965,0.2942608596075609
93,HBL,Himalayan Bank Limited,Commercial Banks,195.5,195.5,0.2379427048963311,0.056616730813382504,0.056616730813382504,0.0335570469798657,0.0335570469798657,29.8,1.1,3.77,0.46,,6.560402684563758,,0.0,161.96961361688923,0.2314814814814814,0.0032844093195113,0.2769942470632819,-0.1286786057756898,0.1483156412875921,0.1328813530982592,0.903784336672146,-0.0120978262861928,0.02321188294255267,0.03263640004844781,0.1962565908384933,0.5751,-0.31782999040507975,-0.4158836409815624,-0.09439595145324692,0.14937097938455196,0.11827313846317943,0.3722136511853266,-0.0073919238692890625,0.644704812097051,0.27486965334582525
94,NMBMF,NMB  Microfinance Bittiya Sanstha Ltd.,Microfinance,612.8,612.8,0.2459130472726068,0.06047322681889934,0.06047322681889934,0.0333333333333333,0.0333333333333333,30.0,4.1,14.3,1.74,8.2484,20.426666666666662,,0.0,262.0942299362076,0.2377777777777775,0.018396955445133,-2.0315278666635272,1.665111084063024,-0.3664167826005031,0.4563111493189511,0.6377572683037626,1.9047894002453176,0.022711264056095366,0.029724836996599335,0.20212644437014032,0.56415,-0.32172888001126543,-0.4232445719277089,-0.10372315144419994,0.15333724370035956,0.11236166611878742,0.3082815350540029,0.09871669012336295,0.4911974535878535,0.26103878078851706
95,MAKAR,Makar Jitumaya Suri Hydropower Limited,Hydro Power,410.9,410.9,0.2972482302784994,0.08835651040369981,0.08835651040369981,0.025062656641604,0.025062656641604,39.9,3.6,9.23,2.86,,10.298245614035087,,0.0,162.6258959008185,0.0911360799001247,0.0049649032699879,0.6877329287587757,1.5844451654644374,2.272178094223213,2.1030141831743885,0.9311031351174236,-0.1831427877521426,0.019430779180378964,0.02162242125925462,0.24394710452594917,0.5371,-0.38348241044623094,-0.481311901762204,-0.14004938410218767,0.17551680112688056,0.07965160815553796,-0.04547521157996561,0.6389556496182056,0.11198521179115668,0.25978921757352735
96,KPCL,Kalika power Company Ltd,Hydro Power,467.0,467.0,0.3606877299450349,0.13009563853290243,0.13009563853290243,0.0240963855421686,0.0240963855421686,41.5,3.7,9.34,8.58,,11.25301204819277,10.58673469387755,7.005,178.76530295212115,0.1214351425942961,0.0052306433906623,0.5042851027338637,4.186007483949167,4.690292586683031,3.6719964626887855,0.7910516820770883,-0.1831427877521426,0.01495029958240346,0.004297711396630266,0.3000436426250564,0.50525,-0.4513962090300761,-0.5510132817195663,-0.19287316379213185,0.2017167686753643,0.04982708332562742,-0.36802514058305835,1.153696520755215,-0.3345179268862852,0.24736496669160568
97,MKHL,Mai Khola Hydropower Limited,Hydro Power,505.0,505.0,0.436323034804489,0.1903777907009993,0.1903777907009993,0.0273972602739726,0.0273972602739726,36.5,4.4,13.28,7.03,1.2083,13.835616438356164,,0.0,189.0209174216284,0.1048034934497816,0.01403586273368,-0.7446966483222548,6.138221251030276,5.3935246027080215,3.479712063517572,0.6568178797135452,-0.1831427877521426,0.02328785701899628,-0.006967199025513626,0.3658613377909868,0.4928,-0.5146681109638561,-0.6090489166632396,-0.23720938171682354,0.24465173336650137,0.06365213979592568,-0.2185082242737557,1.09061318295864,-0.5090536906707162,0.24703124533981055
98,BGWT,Bhagawati Hydropower Development Company Limited,Hydro Power,492.0,492.0,0.3491172204666061,0.12188283362632885,0.12188283362632885,0.0183150183150183,0.0183150183150183,54.6,4.3,8.15,6.44,,9.010989010989013,,20.0244,152.3090862561958,0.111984282907662,0.0018326206475259,1.0613744454908285,3.2779609045345284,4.339335350025356,3.3754553369679114,0.7868690607908325,-0.1831427877521426,0.015966677449847977,0.00563028206277294,0.28686598536695457,0.50845,-0.43478744136481356,-0.5302769990265929,-0.1824287709147594,0.19918570354177578,0.055659012445911454,-0.3049532782675129,1.0564093560915355,-0.289657328965789,0.24265096533645122
99,SHIVM,SHIVAM CEMENTS LTD,Manufacturing And Processing,702.0,702.0,0.230569036334817,0.053162080516366166,0.053162080516366166,0.0199600798403193,0.0199600798403193,50.1,3.7,7.57,6.05,0.2382,14.011976047904191,30.000000000000004,12.4956,244.57307628260503,0.8473282442748091,0.006119845785619,-3.064798699496724,4.673809494680021,1.609010795183297,1.4800567233107922,0.95,-0.9700706422667996,0.01380292213252499,0.024183880398423008,0.19008620877235224,0.55465,-0.31710394440371126,-0.41475513914801276,-0.10099540783157746,0.13690004240100173,0.07261401140918859,-0.12158627600875616,0.4345800682249399,0.35801755351137876,0.19680102758874923
100,UNLB,Unique Nepal Laghubitta Bittiya Sanstha Limited,Microfinance,1255.9,1255.9,0.2445142910341689,0.059787238519942255,0.059787238519942255,0.0273972602739726,0.0273972602739726,36.5,5.1,13.94,1.35,9.5288,34.40821917808219,3.224381625441696,0.0,436.6312338893494,0.0615728328865058,0.0210569105691057,-1.5987847496729644,0.7711342834385868,-0.8276504662343775,0.2345018557981431,0.6112806232032725,1.9047894002453176,0.02077775904279566,0.03093686393567452,0.2010336524529411,0.56495,-0.3249352807783462,-0.42293356288797873,-0.1021420566912386,0.1484790475581138,0.10335463137277184,0.21087115100181114,0.025947028882496354,0.5024126030679764,0.1952097925673183
101,NIL,Neco Insurance Limited,Non Life Insurance,529.8,529.8,0.1917281578699789,0.03675968652021555,0.03675968652021555,0.0196463654223968,0.0196463654223968,50.9,2.3,4.65,2.42,,10.408644400785851,,15.78804,232.2631992594756,0.1481888035126232,0.0071477454185993,0.088615863640113,0.461288850483279,0.549904714123392,0.4690549749793465,0.820712877747408,0.0989535352086073,0.013522204275396165,0.028559040897838006,0.158043113725848,0.5804,-0.27187739708175146,-0.37007272759840826,-0.07209259557460115,0.11257441964459408,0.08556022440087248,0.01842601606098077,0.10289759643932234,0.7190051774028744,0.19233048048069612
102,DHPL,Dibyashwori Hydropower Ltd.,Hydro Power,275.0,275.0,0.3272160880460183,0.10707036827613961,0.10707036827613961,0.0200400801603206,0.0200400801603206,49.9,32.8,88.27,1.9,,5.511022044088176,,0.0,32.24309762484038,0.2307692307692307,0.0058154420101677,-0.1012740660350833,3.914296975503685,3.813022909468602,2.946448182974733,0.7831484497510814,-0.1831427877521426,0.013631783779413896,0.007844983159395524,0.271457402063631,0.51195,-0.42156506001142235,-0.5224321245900064,-0.16999319858213757,0.1871590322590193,0.05021702733388179,-0.36380792629733444,0.9156636516602501,-0.2405910499902452,0.17262408014711722
103,MDB,Miteri Development Bank Limited,Development Banks,560.0,560.0,0.2240715746830047,0.05020807058092135,0.05020807058092135,0.020703933747412,0.020703933747412,48.3,3.9,8.25,1.44,,11.594202898550725,,10.024,193.54119452957065,0.1682829435253851,0.0056748796781839,0.2156124835239284,0.3746491013563663,0.5902615848802948,0.6110124516963233,0.8031597208372608,0.6956814049714489,0.015804688165449072,0.029492268896574525,0.18338627535818572,0.56555,-0.3034659552325414,-0.4060586767368153,-0.09380549175147704,0.1339292462606067,0.08618250266864154,0.025155907391480138,0.14947002506632004,0.5108239651780702,0.17201516601873412
104,ALBSL,Asha Laghubitta Bittiya Sanstha Ltd,Microfinance,1174.4,1174.4,0.2904614265350982,0.08436784030480425,0.08436784030480425,0.0277777777777777,0.0277777777777777,36.0,6.7,20.01,2.24,7.7833,32.62222222222223,30.0,9.512640000000005,358.6894886301122,0.6049504950495052,-0.0028952038104616,-0.5585168113646191,2.5174766862227385,1.9589598748581196,1.947139400748426,0.7817912027874325,1.9047894002453176,0.015656206619211705,0.019550617811578963,0.2389545860837393,0.53245,-0.3859240703048875,-0.48042564040352553,-0.13910786423218777,0.16699238577523046,0.06551959046195138,-0.198311889774596,0.5878173274447616,0.046797155437934675,0.16516160615565317
105,SHEL,Singati Hydro Energy Limited,Hydro Power,302.3,302.3,0.2881634176997017,0.08303815530037277,0.08303815530037277,0.0224215246636771,0.0224215246636771,44.6,2.8,6.27,3.21,,6.778026905829597,,4.9879500000000005,128.3166347454698,0.4070707070707072,-0.0021455685756724,0.2648393800495102,1.2880308688235511,1.5528702488730617,1.397499885305402,0.9105016147403489,-0.1831427877521426,0.01820910125706065,0.02212868201189666,0.23582261755847803,0.5382,-0.37327594139433784,-0.4739934639019241,-0.13669798515357706,0.1729329459861872,0.07721524527877507,-0.07182428763087803,0.4074953909356821,0.1274060423263272,0.15974964978718706
106,UMRH,United IDI Mardi RB Hydropower Limited.,Hydro Power,518.0,518.0,0.23442779857615,0.05495639274525996,0.05495639274525996,0.022271714922049,0.022271714922049,44.9,4.6,10.39,4.04,,11.536748329621382,29.933333333333334,5.0246,170.9696145020698,0.1426215993404782,0.0152483242522832,-1.106475681807218,2.305103710422915,1.1986280286156972,0.9754610546471362,0.8384920485184485,-0.1831427877521426,0.01476673834456294,0.0246057820703649,0.19174436242849108,0.55645,-0.3149295836407031,-0.41648746376353873,-0.10242339400562295,0.1382314142601076,0.07701263368340246,-0.07401551636211,0.2690358059020532,0.3832516398416584,0.15465844378430899
107,GMFBS,Ganapati Laghubitta Bittiya Sanstha Limited,Microfinance,1124.0,1124.0,0.301947056147962,0.09117202471642052,0.09117202471642052,0.0255102040816326,0.0255102040816326,39.2,7.1,16.19,1.67,9.42,28.6734693877551,20.523560209424087,0.0,319.5842459443529,0.1282843894899536,0.0072948219310667,0.1606289956347411,1.1793063041883758,1.3399352998231169,1.5613199224621903,0.6080676010431735,1.9047894002453176,0.018196707437443903,0.019839220991785367,0.24701369981549234,0.5339,-0.3888658503033182,-0.48631921001640976,-0.14545046183520755,0.177326894393058,0.07366679439656987,-0.11020050943671206,0.46124033741263093,0.0671246138706605,0.15384085396449965
108,GLBSL,Gurans Laghubitta Bittiya Sanstha Limited,Microfinance,1700.0,1700.0,0.2890379644541843,0.0835429448958183,0.0835429448958183,0.0183150183150183,0.0183150183150183,54.6,10.0,19.8,1.83,9.3377,31.13553113553113,25.87677725118484,10.03,345.0991257499888,0.1585046213270797,-0.0009579050674941,1.2620011670137927,1.3839109181307678,2.6459120851445608,2.361301813522556,0.6159741464927653,1.9047894002453176,0.012047707589990395,0.015383273745257608,0.23747681114031294,0.5273,-0.3833216832563887,-0.48034150790979896,-0.14317505420551982,0.1619244679430223,0.050732143202276786,-0.35823698802667525,0.7236928716921721,-0.025400369340364135,0.14110227959812593
109,MHCL,Molung Hydropower Company Limited,Hydro Power,296.0,296.0,0.3043140878572385,0.09260706406838308,0.09260706406838308,0.0242718446601941,0.0242718446601941,41.2,3.4,8.38,4.98,,7.184466019417475,,0.0,118.6301019349399,0.1902173913043478,0.0085522505025724,-0.322044697297249,2.724812237449483,2.402767540152234,1.6564782058484713,0.7114016962418972,-0.1831427877521426,0.01744993945609077,0.01838163733287379,0.2507181622267709,0.5311,-0.39554276410513806,-0.49689276932493276,-0.14793724936189492,0.18039525834853154,0.06959982197184246,-0.15418450161545003,0.4924592098790024,0.02787159069022576,0.14088420144346608
110,SMFBS,Swabhimaan Laghubitta Bittiya Sanstha Limited,Microfinance,1395.0,1395.0,0.3249783467214726,0.10561092583782164,0.10561092583782164,0.0242130750605326,0.0242130750605326,41.3,7.1,16.64,1.58,9.7263,33.7772397094431,29.92753623188406,10.044,386.4214861820174,0.2103250478011472,-0.0014959666163238,1.0979121477163192,1.0414599217508451,2.1393720694671643,2.0393974178706067,0.5738191063807407,1.9047894002453176,0.017031244487295243,0.012053279076457368,0.26495958708199047,0.51875,-0.40993005604509825,-0.5074095559939282,-0.1622550597473752,0.18837255202018538,0.06427864971734353,-0.21173256793637815,0.6180847005839549,-0.14526227940918984,0.13348839717719274
111,PPCL,Panchthar Power Compant Limited,Hydro Power,335.0,335.0,0.2980742783900236,0.08884827543773328,0.08884827543773328,0.0263852242744063,0.0263852242744063,37.9,3.4,9.19,2.91,,8.839050131926122,,0.0,139.98354984172997,0.2861157953906688,0.0053719876354251,-0.2963143917301792,1.6774860116008117,1.3811716198706323,1.133627868048099,0.8417557553543754,-0.1831427877521426,0.019148953991580425,0.02253633918341691,0.24549813354586847,0.53515,-0.38669080439170717,-0.4843183689532954,-0.14152670170421955,0.17683562638740563,0.07800040560390926,-0.06333283944947751,0.32092608176939724,0.08464828493335405,0.11996695391463873
112,BPCL,Butwal Power Company Limited,Hydro Power,676.0,676.0,0.2623045517945944,0.06880367789216305,0.06880367789216305,0.0145560407569141,0.0145560407569141,68.7,3.2,4.69,4.17,,9.839883551673944,30.0,6.0164,216.2641822090524,0.3091787439613526,0.0011996623172735,0.2236683082509821,1.2691210843472682,1.4927893925982505,1.3561601919173731,0.918475698311186,-0.1831427877521426,0.013594503485800035,0.01993137206782658,0.2125784707935416,0.54105,-0.3477494670735909,-0.4476925374427369,-0.11929363523308184,0.1516942849998439,0.06395051876632961,-0.21528127878950504,0.39393294981386345,0.16736001234926962,0.10493267087959732
113,MMKJL,Mathillo Mailun Khola Jalvidhyut Limited,Hydro Power,361.0,361.0,0.3537271907520671,0.12512292547734927,0.12512292547734927,0.0308641975308642,0.0308641975308642,32.4,3.6,11.55,1.26,,11.141975308641976,,0.0,158.5530882389979,0.1330263494499872,-0.0041654023337286,1.8662058395548888,1.202261614159204,3.068467453714093,1.8643712784516528,0.6296923413799183,-0.1831427877521426,0.017973670365090344,0.01167505505165467,0.29365263687985527,0.5154,-0.447373946256405,-0.5427196115070845,-0.1832031234463249,0.20218090949506018,0.061207250021882396,-0.24494951805917006,0.5606633334642804,-0.19222571785721063,0.08784038259060203
114,MLBSL,Mahila Lagubitta Bittiya Sanstha Limited ,Microfinance,1126.4,1126.4,0.3145402187111017,0.0989355491868277,0.0989355491868277,0.0336700336700336,0.0336700336700336,29.7,7.6,16.64,1.45,16.0,37.92592592592593,,0.0,355.6304014790361,0.0805455274769355,0.0116396033912918,-0.2685881465023937,-0.0606303764708888,-0.3292185229732826,0.3694233613427418,0.6872697374727881,1.9047894002453176,0.024396567553012227,0.022010310549125056,0.26193808670094904,0.5345,-0.40198333028821787,-0.49612130693955914,-0.15247632513835643,0.19347438780722265,0.0931386796791619,0.10038642367538425,0.0702111446764863,0.07553597598075266,0.08334622253689875
115,SJLIC,SuryaJyoti Life Insurance Company Limited,Life Insurance,415.0,415.0,0.2037336064153538,0.04150738238300629,0.04150738238300629,0.0182815356489945,0.0182815356489945,54.7,3.4,5.99,0.69,,7.586837294332724,,12.9895,144.34649207807112,0.2791145332050049,0.000819948873776,0.4231901212222858,-0.4905646754110636,-0.0673745541887778,-0.2801648225782689,0.7998557831180515,-1.130559250227243,0.014288827160139933,0.027614596601056918,0.16577511120853602,0.5745,-0.2786370417554772,-0.3779496969062287,-0.0803922269516138,0.11861826858116759,0.0861940435809171,0.025280721465010026,-0.14290126075826276,0.6362934499869588,0.08021047428009068
116,KDL,Kalinchowk Darshan Limited,Hotels And Tourism,629.8,629.8,0.383647340380602,0.14718528178110948,0.14718528178110948,0.0145348837209302,0.0145348837209302,68.8,5.8,8.81,7.41,,9.15406976744186,,8.5023,149.54975278662448,0.0344347826086955,0.011726907630522,-0.0635510660150042,3.6295488605378994,3.565997794522895,3.24468515171772,0.9331944403218831,-1.243671405964712,0.010357716287988874,-0.006991680550862411,0.31340358803055657,0.4913,-0.47246483631092556,-0.5697242835926447,-0.20711050660972172,0.2091780351885627,0.03304913116367706,-0.5494773953806618,1.0135071767914194,-0.5300820959459489,0.07959549337511328
117,MLBS,Manushi Laghubitta Bittiya Sanstha Limited,Microfinance,1019.0,1019.0,0.3026004581721032,0.09156703728596677,0.09156703728596677,0.0242130750605326,0.0242130750605326,41.3,9.9,19.22,1.62,14.9324,24.67312348668281,18.6036036036036,0.0,239.04123281126903,0.0743919885550786,0.0056549586980765,0.6629186323879063,0.1408762646725574,0.8037948970604637,1.356992618818751,0.4975472446428671,1.9047894002453176,0.015354601003933925,0.014099993212590811,0.24750510176631133,0.5238,-0.39230514777798137,-0.486981189233348,-0.1474161995953555,0.1764496627848643,0.06203751314359326,-0.23597028662165356,0.39420604668306825,-0.0744666483159064,0.048400974361384595
118,SHLB,Shrijanshil Laghubitta Bittiya Sanstha Limited,Microfinance,1312.0,1312.0,0.3121468756290462,0.09743567196497523,0.09743567196497523,0.0234741784037558,0.0234741784037558,42.6,4.5,11.95,1.12,9.0201,30.7981220657277,,0.0,449.4837936468608,0.1241565452091768,0.0022994828073552,0.9333786964390974,0.3013873070089026,1.234766003448,1.5633905683746976,0.5095327021451662,1.9047894002453176,0.01463643703923666,0.012838581863974907,0.25795789714897743,0.5214,-0.407369110523418,-0.5041230681103921,-0.16017050477408803,0.18430688322198463,0.05673963542501564,-0.2932664243385073,0.46191966062407613,-0.1081120967562797,0.04583887516297158
119,SAPDBL,Saptakoshi Development Bank Ltd,Development Banks,605.0,605.0,0.5758866403820255,0.3316454225704964,0.3316454225704964,0.0298507462686567,0.0298507462686567,33.5,7.0,24.21,1.66,12.978,18.059701492537314,29.91071428571428,5.9895,187.40242663742345,0.019787234042553,-0.0033441510304267,2.2782344593253576,1.5536386803341655,3.8318731396595234,3.4567254367835303,0.8803811327200934,0.6956814049714489,0.021164793335749492,-0.058007264623538723,0.49999115946792194,0.448,-0.6264447111844488,-0.711627286496057,-0.33955035082227814,0.28307111884181707,0.042330335116869934,-0.44910189256080457,1.0830718892014894,-1.1371020615576666,0.0261675863447407
120,HURJA,Himalaya Urja Bikas Company Limited,Hydro Power,257.0,257.0,0.3454598753508729,0.11934252547744065,0.11934252547744065,0.0294985250737463,0.0294985250737463,33.9,2.6,8.01,4.17,,7.581120943952802,,0.0,129.84877573903344,0.4874418604651162,0.0083967668523894,-1.7050993540587842,2.4534692911214595,0.7483699370626753,0.6710794410564132,0.9170269026420148,-0.1831427877521426,0.02303438472277696,0.011836133218084521,0.2853045168830518,0.51725,-0.42989174970519156,-0.5282863529511487,-0.17008512322286645,0.2019844006307559,0.08073613756426753,-0.033746109916737495,0.16917638812311603,-0.16629068468442335,0.02091397434566674
121,USLB,Unnati Sahakarya Laghubitta Bittiya Sanstha Limited,Microfinance,1144.0,1144.0,0.3087597769318699,0.09533259985101807,0.09533259985101807,0.0245098039215686,0.0245098039215686,40.8,6.4,17.06,1.63,8.9891,28.03921568627452,30.0,0.0,335.81277609441145,0.1380013596193066,0.0155799192152336,-1.1346113494323973,1.3171962180915924,0.1825848686591951,0.4603609114331005,0.8387090280629571,1.9047894002453176,0.019491476445537104,0.01885853165301421,0.25519374874677464,0.5296,-0.4015993521447082,-0.49600665981052355,-0.15111886038838257,0.18444596443455563,0.0763791297445857,-0.08086681245664484,0.10004530811080134,0.006843185414992252,0.009040035344661048
122,NIFRA,Nepal Infrastructure Bank Limited,Investment,253.0,253.0,0.2335835960097866,0.054561296324863194,0.054561296324863194,0.0180831826401446,0.0180831826401446,55.3,2.2,3.9,2.38,,4.575045207956601,,5.2624,108.80224940499946,0.3134328358208955,0.0034904013961605,-0.1418689001539002,0.2622216469024373,0.1203527467485371,0.0581541146875641,0.8848439337344283,-0.4197719212609722,0.014060651929184417,0.0234890401483695,0.18982517088365078,0.55195,-0.31346509526110783,-0.41059032806136647,-0.10068716296333205,0.13635705005928161,0.07407158841860118,-0.10582269340069153,-0.03190792019340894,0.32016642401596096,0.008941039365551996
123,HHL,Himalayan Hydropower Limited,Hydro Power,342.0,342.0,0.3052549399635232,0.09318057837213416,0.09318057837213416,0.0214132762312633,0.0214132762312633,46.7,4.0,8.87,3.54,,7.323340471092076,,0.0,118.69404463267472,0.3066914498141263,0.0067706800117751,-0.604580836079393,1.7653401662763653,1.1607593301969723,1.0225705994421008,0.8971735151621334,-0.1831427877521426,0.015616329267373346,0.016094585767183922,0.25125777696502605,0.52475,-0.39813535504335296,-0.4928820458480612,-0.15225959978614148,0.1771725319264279,0.06215262053180972,-0.23472540912205578,0.28449118002784207,-0.06114865830825892,0.007676576700662739
124,FMDBL,First Micro Finance Laghubitta Bittiya Sanstha Limited,Microfinance,759.5,759.5,0.4564596606345589,0.20835542178661667,0.20835542178661667,0.0186567164179104,0.0186567164179104,53.6,5.5,10.73,3.18,2.0851,14.169776119402984,4.612736660929432,6.5317,209.82406554949264,0.2385352498288844,0.0043240812980177,0.0868493286233282,2.818546890538133,2.905396219161461,2.848220456086782,0.942858911218882,1.9047894002453176,0.01469916350600183,-0.02244705770837563,0.37950706865427974,0.475,-0.5346890706584241,-0.6285386099381192,-0.25667413060993766,0.24045756713304695,0.03873225222951606,-0.4880148806631105,0.8834377773669082,-0.7585907666034782,0.006451005360823464
125,JSLBB,Janautthan Samudayic Laghubitta Bittya Sanstha Limited,Microfinance,969.0,969.0,0.249424214592618,0.06221243882514435,0.06221243882514435,0.011049723756906,0.011049723756906,90.5,5.5,6.36,0.77,,10.707182320441987,22.4009900990099,0.0,206.0200089759317,0.1583912611717973,-0.000989731535321,1.267336516014176,-0.7654613207598131,0.501875195254363,1.1863427692664936,0.5121101692626002,1.9047894002453176,0.008755233241478661,0.018124940469933293,0.200960125818734,0.539,-0.3363311308820336,-0.43375684170520834,-0.11553336646473802,0.13684814029170506,0.043567017117494646,-0.4357272723857713,0.3382204225209423,0.13862119180645163,-0.01127850158464129
126,KBSH,Kutheli Bukhari Small Hydropower Limited,Hydro Power,807.0,807.0,0.3799593101439624,0.14436907736507582,0.14436907736507582,0.0092421441774491,0.0092421441774491,108.2,6.2,5.84,5.16,,7.458410351201478,,10.0068,147.79349474527868,0.0425624510401253,-0.0004211360764981,1.729716269599086,1.7438968761973388,3.473613145796425,2.8313729233761555,0.824368857508893,-0.1831427877521426,0.007965666215978748,-0.008710185976297802,0.3113603044773923,0.48935,-0.47611036501982384,-0.5697270676648193,-0.20821556058115892,0.20385396922454346,0.025583435336591312,-0.6302183182526396,0.8779105551814154,-0.5574190228037516,-0.012406909789240042
127,LLBS,Laxmi Laghubitta Bittiya Sanstha Ltd.,Microfinance,860.0,860.0,0.3002696956281619,0.090161890112629,0.090161890112629,0.028169014084507,0.028169014084507,35.5,4.2,13.07,1.6,7.1695,24.225352112676056,30.084745762711865,0.0,334.0803166121676,0.2853462157809983,0.0266082534528655,-3.494757809428338,1.4194912934680992,-2.075266515960239,-0.5595622664487621,0.6191751368768469,1.9047894002453176,0.023446612912533697,0.024595388912589056,0.24766075306808485,0.5411,-0.3836752893866733,-0.4847849262883834,-0.13984338301086072,0.18363212323979122,0.09467229919182207,0.11697240007391525,-0.23456404467183448,0.1680609591917773,-0.013424466000812228
128,UNHPL,Union Hydropower Limited,Hydro Power,359.0,359.0,0.354853753418079,0.12592118631489882,0.12592118631489882,0.012135922330097,0.012135922330097,82.4,3.4,4.18,5.32,,4.356796116504854,29.963636363636365,0.0,101.73787054610138,0.0818536162841055,0.0027092701728906,1.0717715348547143,1.7795987303000231,2.851370265154737,2.311569089976149,0.8221127522712445,-0.1831427877521426,0.009257232378389367,-6.432773910752809e-05,0.2890773994887636,0.49985,-0.4493735717244203,-0.5430232413434665,-0.18887889034111,0.19197947618985944,0.03202336950159673,-0.5605709284097711,0.7073769031968385,-0.4102201858771224,-0.023321647260597503
129,CKHL,Chirkhwa Hydropower Limited ,Hydro Power,582.4,582.4,0.4032453216876497,0.1626067894629761,0.1626067894629761,0.0227272727272727,0.0227272727272727,44.0,5.8,14.14,4.46,1.9597,13.236363636363636,,0.0,172.93077601033326,0.2057347670250895,0.0188052129799702,-1.94145542254334,4.265577525260714,2.324122102717374,1.5785368842964358,0.7026300566585455,-0.1831427877521426,0.019053550328697773,-0.0029052595480914545,0.3374302043835497,0.49565,-0.4900291634664123,-0.581881970578693,-0.21899542935866934,0.22493320150859614,0.05646664134144912,-0.29621883423522216,0.4668887593537857,-0.4690997206477745,-0.025551974082129503
130,ENL,Emerging Nepal Limited,Investment,550.6,550.6,0.3959196019821853,0.15675233123373203,0.15675233123373203,0.0049067713444553,0.0049067713444553,203.8,5.0,2.46,2.4,,2.701668302257114,0.4614827227027762,5.01046,81.8164014883474,0.0398040416411512,-0.0182233158589209,4.427049931921418,-0.5820957684816268,3.844954163439791,3.3473859444578458,0.883329384091767,-0.4197719212609722,0.004388587802194423,-0.018583690645423867,0.32823811618757326,0.47745,-0.48858932651579307,-0.5832213226295737,-0.22475366673755173,0.20338941440246794,0.013370134624117035,-0.7623042207160793,1.0472005436393073,-0.724244371320598,-0.030890345094828436
131,SNLI,Sun Nepal Life Insurance Company Limited,Life Insurance,421.0,421.0,0.2125012410761984,0.04515677745892459,0.04515677745892459,0.0188323917137476,0.0188323917137476,53.1,2.9,5.48,2.14,,7.928436911487759,,19.9975,160.9263256619558,0.300065231572081,0.0111684880509186,-1.2363431072677715,0.3543110658514832,-0.8820320414162885,-0.9142444026880164,0.8703869832770276,-1.130559250227243,0.014077175567384933,0.027251055669643143,0.17159887258130482,0.56845,-0.29087816021264956,-0.38573806789795,-0.08547142125676188,0.12339762997840226,0.08203536162928496,-0.019695102153146696,-0.3509257105544057,0.5514788820435202,-0.03795254867431691
132,CGH,Chandragiri Hills Limited,Hotels And Tourism,773.0,773.0,0.1892837853847745,0.03582835140958937,0.03582835140958937,0.0066269052352551,0.0066269052352551,150.9,7.3,5.04,2.12,,5.12259774685222,,0.0,110.47517623115657,0.1063829787234042,-0.0038274675567354,1.9413301232608209,-0.3382953048507852,1.6030348184100356,1.1125504697649369,0.8277011008563664,-1.243671405964712,0.004441640449767085,0.017531220562017724,0.152330370744228,0.55455,-0.26746966957958657,-0.36750805830666555,-0.07896933288449401,0.0987097722383361,0.029157944197647036,-0.591560281421214,0.3140111544976027,0.3566156598263634,-0.039696518804171826
133,RBCL,Rastriya Beema Company Limited,Non Life Insurance,14000.0,14000.0,0.2350997390960176,0.05527188732301555,0.05527188732301555,0.0092250922509225,0.0092250922509225,108.4,2.2,2.0,1.38,0.4525,129.15129151291512,,0.0,4300.246125438544,0.2833597464342314,-0.0026287855580647,0.9231146333698296,0.531466538064636,1.4545811714344656,1.0586173908277532,0.7079111032959632,0.0989535352086073,0.00730701731458087,0.017111138744016374,0.19038530172711385,0.5404,-0.32605761199618055,-0.41801299770650463,-0.10660622742818548,0.12785939558353132,0.038380154603816434,-0.49182278924905637,0.29631716241260647,0.15824770339666822,-0.046552710055246325
134,SRLI,Sanima Reliance Life Insurance Limited,Life Insurance,373.8,373.8,0.1825915841524088,0.033339686603286185,0.033339686603286185,0.0204918032786885,0.0204918032786885,48.8,3.3,6.91,1.29,,7.659836065573772,,10.16736,139.72164018581591,0.2876254180602008,0.0163408466788112,-1.9573844942451413,0.1033871426487986,-1.8539973515963424,-1.7722555128215154,0.8870092152733848,-1.130559250227243,0.0136096069367946,0.029309412441667515,0.14940613713928821,0.5912,-0.2593791137326288,-0.36030482844324285,-0.06457253041462524,0.10690885855702542,0.0910913513820831,0.07824472651055574,-0.6324160702874948,0.8704096953845488,-0.04758659843386584
135,BFC,Best Finance Company Ltd.,Finance,447.0,447.0,0.2976591759264044,0.08860098501318617,0.08860098501318617,0.0175438596491228,0.0175438596491228,57.0,4.0,6.79,0.95,,7.842105263157895,30.0,0.0,140.4207727547909,0.2013888888888889,-0.0027886224205242,1.3351106126871748,-0.269294923718646,1.0658156889685289,0.8941538816985316,0.8658658713926668,-0.2139615687085477,0.01280943493274359,0.014726719129251054,0.24517317106631115,0.52435,-0.39389017572772134,-0.49059602513602146,-0.14721872502402986,0.1700247165328967,0.052246478996998684,-0.341859563545983,0.24236111009465028,-0.06675623304832191,-0.053150627990197485
136,UPPER,Upper Tamakoshi Hydropower Ltd,Hydro Power,193.3,193.3,0.2894188918041444,0.08376329493313903,0.08376329493313903,0.0241545893719806,0.0241545893719806,41.4,4.3,9.61,1.2,,4.6690821256038655,,0.0,68.72088040354123,0.31622746185853,0.0048344336434995,-0.3577516880732345,0.577254937881851,0.2195032498086165,0.1852041001170833,0.9148156283883522,-0.1831427877521426,0.01591554070398592,0.018391172348847018,0.23606975058696994,0.5339,-0.3772146780259141,-0.4752561345152078,-0.13716086477668757,0.16861280461836758,0.06741880594363787,-0.17777202125118555,0.009773761640611403,0.0671246138706605,-0.05377438107009756
137,GFCL,Goodwill Finance Limited,Finance,577.0,577.0,0.3028030638932096,0.09168969550311518,0.09168969550311518,0.0259067357512953,0.0259067357512953,38.6,2.7,6.77,0.88,7.1047,14.94818652849741,,0.0,268.09674290796295,0.1436170212765957,0.0086178264897651,-0.1114143876681446,0.0859838889726907,-0.0254304986954538,-0.070454171199196,0.7611869889635948,-0.2139615687085477,0.01877775112821445,0.020186010880359095,0.25003692636960273,0.53125,-0.3906472914486542,-0.48673845106735086,-0.14797818074297409,0.1811105388207458,0.07509991184445021,-0.09470145509458512,-0.07410083848008166,0.0299744312177488,-0.06152603118631695
138,SGIC,Sanima GIC Insurance Limited,Non Life Insurance,385.1,385.1,0.2456306356451709,0.060334409167450705,0.060334409167450705,0.014947683109118,0.014947683109118,66.9,2.6,4.05,1.62,,5.756352765321375,,5.0063,138.50487026054964,0.0879904875148633,0.0003376886510637,1.400327288079565,-0.3411718669767064,1.0591554211028584,0.864038527563406,0.7967959692583431,0.0989535352086073,0.008042866074708615,0.019251258557511197,0.19936073897529502,0.54065,-0.3391708767599341,-0.4412167154404907,-0.11277005039323962,0.13613803951297632,0.04034327980548515,-0.4705917420476809,0.23248107268153698,0.16175243760920663,-0.06289378022461625
139,CLI,Citizen Life Insurance Company Limited,Life Insurance,440.0,440.0,0.1885421958597321,0.035548159619609575,0.035548159619609575,0.0177619893428063,0.0177619893428063,56.3,3.3,5.69,1.48,,7.815275310834814,,20.02,153.12029889111517,0.2586206896551724,0.0106578463800073,-0.9632264505848884,-0.0750133592180241,-1.0382398098029126,-1.055991133396105,0.8077184663208375,-1.130559250227243,0.01131427606596429,0.02609987570134875,0.15371580333369164,0.57845,-0.2630287607798725,-0.36423607899139454,-0.072180216843209,0.1073024379089682,0.07360515848460203,-0.11086709705688863,-0.3974289990861836,0.6916682505450717,-0.06498478834821456
140,MERO,Mero Microfinance Bittiya Sanstha Ltd.,Microfinance,607.0,607.0,0.2703145676161224,0.0730699654654912,0.0730699654654912,0.0139470013947001,0.0139470013947001,71.7,4.1,5.63,0.73,,8.465829846582984,,4.977399999999999,167.93006030364873,0.0789003927168869,0.0035711923814562,0.9557825976173728,-0.7336426802549497,0.2221399173624231,0.689481914883029,0.722258258612539,1.9047894002453176,0.010659711846819455,0.017281989826644195,0.21975397502235938,0.5341,-0.35987118736302426,-0.46168538246763746,-0.12977923433062735,0.15305219037630347,0.04850748135834566,-0.3822965337833353,0.17521374465178255,0.06992840124069122,-0.06884743540448286
141,PMLI,Prabhu Mahalaxmi Life Insurance Limited,Life Insurance,423.0,423.0,0.238054843988413,0.056670108746347654,0.056670108746347654,0.0167224080267558,0.0167224080267558,59.8,3.6,6.22,1.63,,7.073578595317726,1.278324070115434,8.4177,136.75077115457609,0.2013245033112581,0.0079348059189362,-0.2815041310525539,0.029855025307522,-0.2516491057450318,-0.4960102936307993,0.7219725026274136,-1.130559250227243,0.013493395138586757,0.02162433463579483,0.19453498809759248,0.549,-0.31976222667406284,-0.41679039016857083,-0.10461907497529058,0.13770487700070722,0.06936230479947143,-0.15675323146185005,-0.21371435230888544,0.27881056030800316,-0.09242492144669356
142,SKHL,Super Khudi Hydropower Limited,Hydro Power,744.0,744.0,0.7275084238751487,0.529268506809303,0.529268506809303,0.0256410256410256,0.0256410256410256,39.0,5.1,13.14,4.63,1.8408,19.07692307692308,,0.0,250.23427936662824,0.4188679245283019,0.0007936401178354,-0.2341714550057947,4.420308298644111,4.186136843638316,3.4452586688590148,0.830434708399854,-0.1831427877521426,0.020121454674977873,-0.12219618919632008,0.6477312483159148,0.4169,-0.7289372832369251,-0.7999988960335561,-0.43960412845189456,0.32513309602553375,0.03106451128812012,-0.5709409058174494,1.0793099511683728,-1.5730909975974918,-0.11127058137912899
143,BHCL,Bikash Hydropower Company Limited,Hydro Power,574.8,574.8,0.4248390429689039,0.18048821243073418,0.18048821243073418,0.018796992481203,0.018796992481203,53.2,5.1,9.61,8.25,,10.804511278195488,,10.00152,165.5263407513434,0.5927868852459015,0.0095368565256335,-2.3755107363990597,3.948800929404488,1.5732901930054286,1.472020737164259,0.942343683504798,-0.1831427877521426,0.016602579301687268,-0.015073756748233358,0.35549143073644174,0.4835,-0.5026768893739566,-0.6007094263151821,-0.23703390141492336,0.2339385357519585,0.04670317725322689,-0.40180994311089613,0.43194367738514555,-0.6394298033771594,-0.1158324669657321
144,SPDL,Synergy Power Development Ltd.,Hydro Power,358.9,358.9,0.3014516664558285,0.09087310720899608,0.09087310720899608,0.0168634064080944,0.0168634064080944,59.3,3.3,5.62,4.51,,6.052276559865093,29.949494949494948,0.0,121.69714805807848,0.2222972972972971,0.0107296741671125,-0.8021706066229763,1.7113182394900472,0.9091476328670708,0.7563312854824797,0.8600954979556075,-0.1831427877521426,0.01043509256463694,0.009957681890042758,0.24387123537269034,0.51685,-0.38646601129921027,-0.48883777805566536,-0.15134269433969677,0.16732709992852962,0.042789353769786584,-0.4441376413362259,0.19714522450761113,-0.1718982594244848,-0.1331766186163429
145,MCHL,Menchhiyam Hydropower Limited,Hydro Power,269.8,269.8,0.3636584948308788,0.13224750086266032,0.13224750086266032,0.0212765957446808,-0.0038197097020626,-261.8,,0.0,-0.4,,-1.030557677616501,,0.0,,0.1231270358306189,-0.0158313270591667,3.6720831100225366,-3.040999061861857,0.6310840481606794,0.5036834868548037,0.8435318566194786,-0.1831427877521426,0.017260361745667217,0.0028085380103212154,0.30168697800079897,0.505,-0.4550847706360459,-0.5555346048895972,-0.19052243841517916,0.20421987085124665,0.05721281660894726,-0.2881490064365235,0.11425827947678016,-0.3380226610988236,-0.13716082300366209
146,MLBBL,Mithila LaghuBitta Bittiya Sanstha Limited,Microfinance,978.9,978.9,0.3429470726345759,0.11761269462862509,0.11761269462862509,0.0204918032786885,0.0204918032786885,48.8,5.8,10.96,1.44,7.8778,20.0594262295082,3.932312651087832,14.29194,275.9978378105822,0.1106910039113428,0.0097790431391966,-0.1306975055878825,0.4925400265935705,0.361842521005688,0.7445164496761708,0.7519850269511119,1.9047894002453176,0.013021186351922759,0.0027461838743497724,0.28220954167775225,0.50355,-0.4345046182285169,-0.5303378046548123,-0.1795754751163977,0.19444692961899668,0.04614013500220809,-0.4078992015023567,0.19326909476753376,-0.3583501195315479,-0.15752206660023876
147,AHPC,Arun Valley Hydropower Development Co. Ltd.,Hydro Power,266.9,266.9,0.2807701619913561,0.07883188386465236,0.07883188386465236,0.0127877237851662,0.0127877237851662,78.2,2.4,3.13,2.89,,3.413043478260869,29.96168582375479,4.99103,92.4125247369688,0.2722580645161286,0.0045919903643479,-0.1131271125528313,0.203756173201466,0.0906290606486346,0.0655611725875714,0.90843511410141,-0.1831427877521426,0.010597365234097307,0.01474447558769143,0.22973773420182095,0.52725,-0.37550037172848877,-0.47245071977122177,-0.1367023273173106,0.15941149065370425,0.046128100248380134,-0.4080293564340753,-0.029477863789462766,-0.026101316182871814,-0.18022315132598962
148,SHPC,Sanima Mai Hydropower Ltd.,Hydro Power,534.5,534.5,0.2264550778539224,0.05128190228582606,0.05128190228582606,0.0146842878120411,0.0146842878120411,68.1,3.9,5.01,4.43,,7.848751835535977,,9.99515,155.5725997248795,0.5265486725663717,0.0111615588346575,-2.3070429957107037,1.474094624527419,-0.8329483711832846,-0.7878067191996693,0.9305305261532908,-0.1831427877521426,0.010081338759173556,0.022222020640840112,0.18435972296781278,0.5525,-0.3140265453426867,-0.41005909590495726,-0.09916021185000512,0.12670119932148877,0.0546829784558401,-0.31550901037045637,-0.3094449085127915,0.32787683928354544,-0.18440619969659006
149,EHPL,Eastern Hydropower Limited,Hydro Power,326.8,326.8,0.2815059474103651,0.07924559842740725,0.07924559842740725,0.0103842159916926,0.0103842159916926,96.3,4.3,4.45,1.92,,3.393561786085151,,0.0,76.17736313502593,0.1228748068006183,0.0033465352614289,0.7815654619978037,-0.3419866516333413,0.4395788103644624,0.3103678810266167,0.7925061058928441,-0.1831427877521426,0.008773950236918057,0.011406075358963541,0.22735762671321835,0.52185,-0.37042493621547945,-0.4716084523432826,-0.13735479691506583,0.15564783897640871,0.038590965096522746,-0.48954289007737417,0.05083663052152399,-0.10180357517370903,-0.1958432188570819
150,OHL,Oriental Hotels Limited,Hotels And Tourism,638.0,638.0,0.2416326316654321,0.058386328685562386,0.058386328685562386,0.0212765957446808,-0.0062774639045825,-159.3,2.0,0.0,-0.79,,-4.005021971123666,,4.9764,,0.2461538461538461,-0.0031717263253284,1.1810437497776525,-3.403810549168186,-2.2227667993905333,-1.852303963577432,0.6216274345680813,-1.243671405964712,0.01612883931703967,0.025317830109827577,0.19622330249801676,0.5555,-0.3216492472924733,-0.4235004962128644,-0.10424712635703232,0.14229091516144315,0.08219635034020838,-0.01795402169755562,-0.6586778132104432,0.3699336498340109,-0.19666600399639733
151,SPL,Shuvam Power Limited,Hydro Power,595.0,595.0,0.3486447921189834,0.12155319107168916,0.12155319107168916,0.0088888888888888,0.0088888888888888,112.5,5.9,5.24,4.34,,5.288888888888889,30.0,0.0,109.54837952990049,0.0238611713665943,0.0035419126328217,1.220649195044465,1.1517535340700982,2.372402729114562,1.7266052097417512,0.7472956301852105,-0.1831427877521426,0.0037826918096199157,-0.00593095723930509,0.2859120777035515,0.4928,-0.4418579021755216,-0.5423773306788228,-0.19514709338500585,0.18484585392194613,0.013230262393958773,-0.7638169280656296,0.5154659930310896,-0.5090536906707162,-0.20115111214795925
152,SPIL,Siddhartha Premier Insurance Limited,Non Life Insurance,623.0,623.0,0.2474085252260521,0.061210978354530064,0.061210978354530064,0.0186915887850467,0.0186915887850467,53.5,2.4,4.58,1.53,,11.644859813084112,,24.9823,260.793518603884,0.2986704653371319,0.0099863822060825,-1.0515004913677355,-0.1372418527391514,-1.1887423441068872,-0.8758781146121066,0.757035621127334,0.0989535352086073,0.011855105065205642,0.020933090070975102,0.20221362373842203,0.5435,-0.33756586412907996,-0.4368200057768877,-0.1124000491679562,0.14339103697776073,0.05862663873004462,-0.2728586295609929,-0.33833876371355326,0.20170640763214906,-0.20413767578338865
153,NICLBSL,NIC ASIA Laghubitta Bittiya Sanstha Limited,Microfinance,516.9,516.9,0.2465532238435315,0.06078849218763856,0.06078849218763856,0.0135685210312075,0.0135685210312075,73.7,4.8,5.84,0.53,,7.013568521031207,,0.0,130.35972289185924,0.1423280423280422,0.0106955008505562,-0.4185944608865652,-0.8480244737572581,-1.2666189346438237,-0.555214922089519,0.7756819881161181,1.9047894002453176,0.009563911411850118,0.019853370291155303,0.19929546790636968,0.54435,-0.33623451135800675,-0.43372429170549104,-0.11617990138720882,0.1396503262212394,0.047988604619666045,-0.3879081455752059,-0.23313779795647832,0.21362250395478116,-0.20569387662171745
154,UMHL,United Modi Hydropower Ltd.,Hydro Power,559.0,559.0,0.2424551738966264,0.058784511349243354,0.058784511349243354,0.0102669404517453,0.0102669404517453,97.4,5.3,5.52,3.48,,5.739219712525667,29.96923076923077,6.987500000000001,116.70397637102916,0.3033175355450237,0.008533747090768,-0.854457078833494,0.7350929885064019,-0.119364090327092,-0.1258294764123141,0.8986278123221328,-0.1831427877521426,0.007330560849082161,0.01669023656160018,0.19702770814657578,0.53755,-0.3341175070654251,-0.43038981238200025,-0.11259121169918157,0.1318491670258996,0.037205735772091006,-0.50452403806872,-0.09226798620191584,0.1182937333737258,-0.21505806303350922
155,NLICL,National Life Insurance Co. Ltd.,Life Insurance,581.4,581.4,0.1841170151941746,0.03389907528401192,0.03389907528401192,0.0111982082866741,0.0111982082866741,89.3,4.6,5.11,0.34,,6.51063829787234,,12.500099999999998,136.06976702637658,0.4071969696969696,0.0022928267278085,-0.4049962802512831,-1.1770350693982707,-1.582031349649554,-1.5291713768371031,0.8829164130406092,-1.130559250227243,0.008412295273161308,0.02259227406717823,0.14939775192231586,0.5693,-0.2597592490993082,-0.35911391844089197,-0.06985943529161304,0.1017076653014084,0.05630804456505845,-0.2979340461038661,-0.5526667056516302,0.5633949783661524,-0.2275613050289681
156,SMH,Super Mai Hydropower Limited,Hydro Power,518.0,518.0,0.357709166281937,0.12795584764211845,0.12795584764211845,0.0113636363636363,0.0113636363636363,88.0,4.7,5.68,2.78,,5.886363636363637,,21.0826,120.81775283619062,0.0652895610475838,0.0076056721585713,0.4118563110377509,0.3860948348477343,0.7979511458854852,0.6596964003886259,0.8590810311258896,-0.1831427877521426,0.01027264547918449,-0.0021931379745447344,0.29286882418982707,0.49695,-0.44882731270493254,-0.5458381796733645,-0.19149329904419887,0.19329859796931564,0.03507592693623862,-0.5275577558802238,0.16544191875018066,-0.45087510274257253,-0.23502135540053176
157,GMFIL,Guheshowori Merchant Bank & Finance Co. Ltd.,Finance,421.0,421.0,0.2796246836964009,0.07818996373231227,0.07818996373231227,0.0108342361863488,0.0108342361863488,92.3,2.7,2.84,0.46,,4.561213434452871,29.967532467532465,0.0,126.50002819184992,0.1899251191286588,-0.0008543763052971,1.0977054332729852,-1.409472949917301,-0.3117675166443161,-0.2831228053951096,0.707127103680666,-0.2139615687085477,0.010175325055364743,0.013934067089963365,0.22863494994292907,0.5261,-0.3748085612367065,-0.47319004216996086,-0.13649706112847348,0.15672494152160854,0.044504678999884605,-0.425586531659184,-0.14387169533348315,-0.042223093560550005,-0.23622790950917685
158,ANLB,Aatmanirbhar Laghubitta Bittiya Sanstha Limited,Microfinance,4987.0,4987.0,0.5475179423111921,0.2997758971526819,0.2997758971526819,0.0139860139860139,0.0139860139860139,71.5,13.8,18.81,3.16,5.7284,69.74825174825175,,14.961,753.0747099051279,0.0843416370106761,0.0157050361617062,-0.8995532152320589,2.71254439077035,1.8129911755382917,1.8225388062672483,0.8959932966086379,1.9047894002453176,0.012454139980260154,-0.05257350769675706,0.46719909995827713,0.45375,-0.6193389454288297,-0.7049456352433451,-0.3240345447588415,0.27067899272737167,0.026657029051152626,-0.6186074852759267,0.5469392248779938,-1.056493174669275,-0.23996593909302813
159,NICL,Nepal Insurance Co. Ltd.,Non Life Insurance,456.0,456.0,0.2497415834637512,0.06237085851098181,0.06237085851098181,0.0109769484083424,0.0109769484083424,91.1,2.6,2.89,1.65,,5.005488474204172,,6.2928,140.5433299532907,0.2874251497005988,0.0020436416375502,0.1993503024359609,-0.6727484306012698,-0.4733981281653088,-0.3599232054500602,0.8017391579744292,0.0989535352086073,0.007006286963632888,0.015451232052632657,0.20090918907736932,0.5354,-0.340546563701689,-0.4347891222489485,-0.11731517768189254,0.1379781511278959,0.034872904498832034,-0.5297534278362731,-0.1690678402129469,0.08815301914589245,-0.26189790339050956
160,CIT,Citizen Investment Trust,Investment,1747.0,1747.0,0.1240772641000317,0.015395167466549014,0.015395167466549014,0.0113507377979568,0.0113507377979568,88.1,11.5,13.06,0.41,34.6842,19.829738933030647,10.678787878787878,12.9278,260.3438300318659,0.3577720943449845,0.0049008329115088,-0.5643574205872586,-3.622533057891396,-4.186890478478654,-3.65319859179115,0.858328884907281,-0.4197719212609722,0.00800986934624523,0.021024409834845548,0.09895485120417769,0.61765,-0.17382375467233946,-0.2656164442669585,-0.03205022150514389,0.06348175171398607,0.08094468587212698,-0.031490676099186134,-1.2495028861612967,1.2412105750711535,-0.26415530988996244
161,SPC,Samling Power Company Limited,Hydro Power,397.1,397.1,0.2692435564803391,0.07249209270618155,0.07249209270618155,0.01,0.01,100.0,3.6,3.65,0.93,,3.971,,0.0,99.275,0.164421737111008,0.0007056095962905,0.9831696348914772,-1.064277284097307,-0.0811076492058298,-0.107491865201739,0.7414202952845146,-0.1831427877521426,0.006772111536254744,0.013195941203670292,0.21924282719767102,0.52495,-0.36176950051044005,-0.46162080099098685,-0.1322930931718629,0.14888346648072742,0.03088863440968564,-0.5728430006530202,-0.08625190935238976,-0.058344870938228204,-0.2753069381898096
162,HLI,Himalayan Life Insurance Limited,Life Insurance,309.2,309.2,0.2117045135330408,0.04481880105026145,0.04481880105026145,0.0112359550561797,0.0112359550561797,89.0,3.3,3.36,0.33,,3.474157303370786,,0.0,85.58127867980161,0.1936236391912907,0.0058555627846454,0.0684534199008798,-1.402220042013503,-1.333766622112623,-1.3101177827808037,0.8836221387422967,-1.130559250227243,0.007931413314822843,0.020836757552736285,0.16908652430085802,0.5539,-0.2919245254123516,-0.38577035968731405,-0.09042693571818675,0.11580677505726494,0.04690742415823965,-0.39960102863240304,-0.48080111526068553,0.34750335087376205,-0.28266018738248305
163,PRVU,Prabhu  Bank Limited,Commercial Banks,187.3,187.3,0.2526566782590083,0.06383539706887603,0.06383539706887603,0.0212765957446808,-0.0054704595185995,-182.8,1.3,0.0,-0.06,,-1.024617067833698,,0.0,,0.2670713201820944,0.0002136067499734,0.5716065157435285,-2.9189107904869074,-2.347304274743379,-2.10927676375256,0.8980700352433174,-0.0120978262861928,0.015165524893363562,0.023062473897483615,0.2065027048077709,0.5474,-0.3359257629281729,-0.43786174573442577,-0.1132788709565456,0.1487009418750596,0.07343983657492931,-0.1126550407217652,-0.7429836748812334,0.2563802613477543,-0.2909794339716486
164,ALICL,Asian Life Insurance Co. Limited,Life Insurance,432.8,432.8,0.1945280481119442,0.037841161502242884,0.037841161502242884,0.0182149362477231,0.0182149362477231,54.9,3.6,6.62,0.7,,7.883424408014572,12.281879194630871,9.99768,146.02966487559786,0.4158576051779937,0.0174193093396648,-2.7268081051502984,-0.4083230813213938,-3.135131186471692,-2.9142481437362395,0.8898103686170149,-1.130559250227243,0.012346635433516532,0.025939735011199283,0.15681733592812763,0.57675,-0.2675934354036226,-0.3661042160319238,-0.07392521080028619,0.11103482028397188,0.07873259267186651,-0.05541429294677701,-1.0070731262301693,0.6678360578998075,-0.29142775609081706
165,VLUCL,Vision Lumbini Urja Company Limited ,Hydro Power,389.9,389.9,0.2622964961080062,0.06879945187053732,0.06879945187053732,0.012135922330097,0.012135922330097,82.4,2.8,3.62,1.35,,4.731796116504854,,0.0,121.75922432211972,0.0921371666089364,0.0091363201076687,0.054013535414493,-0.7035022345146639,-0.6494886991001708,-0.4478956291904714,0.5677177283982812,-0.1831427877521426,0.007517247389204906,0.012185293946480602,0.21401540535726815,0.5235,-0.3545237305357063,-0.4521668319573388,-0.12706311648035437,0.14404073768001285,0.035124795697094494,-0.5270292440117389,-0.19792922547103192,-0.07867232937095403,-0.30571785366729914
166,NYADI,Nyadi Hydropower Limited,Hydro Power,351.4,351.4,0.3303310773040241,0.10911862063283716,0.10911862063283716,0.0076745970836531,0.0076745970836531,130.3,5.1,3.81,0.86,,2.6968534151957018,,0.0,64.66000298278897,0.1097477845944101,-0.0059687137563294,2.248272758115011,-1.2056556102215654,1.0426171478934454,0.7090851095672976,0.7278977484686006,-0.1831427877521426,0.004119437568816622,-0.0018421163318102507,0.26997910315563345,0.4971,-0.4324778476161583,-0.5243590836214305,-0.17747321298992244,0.1758518665052447,0.015258357112335141,-0.7418832405666826,0.1816450253874527,-0.44877226221504946,-0.3138497385147019
167,SMJC,Sagarmatha Jalabidhyut Company Limited,Hydro Power,412.0,412.0,0.3270854703302214,0.10698490490114214,0.10698490490114214,0.0091827364554637,0.0091827364554637,108.9,3.8,3.49,1.77,,3.783287419651056,,4.738,96.06888205888262,0.1016042780748663,0.0046575142041991,0.6845455524393379,-0.6159022834635438,0.068643268975794,0.0036005031875609,0.7416744730288461,-0.1831427877521426,0.008096117541054005,0.0032670401625158885,0.2682174521764988,0.5051,-0.42318372300932716,-0.5256077269303232,-0.17356409445374377,0.1793966672670313,0.030184902120859784,-0.5804538109204925,-0.04980549231632211,-0.33662076741380825,-0.3194278747774875
168,HIDCL,Hydorelectricity Investment and Development Company Ltd,Investment,256.0,256.0,0.2681753414124264,0.07191801374167145,0.07191801374167145,0.0106496272630457,0.0106496272630457,93.9,2.3,2.41,2.36,,2.726304579339723,,3.5072,82.62938306994886,0.3145161290322581,0.0041578410606417,-0.2476342616691931,-0.3187034621125535,-0.5663377237817466,-0.5485358489277772,0.8785400513094032,-0.4197719212609722,0.006917658920661813,0.01309961157313444,0.21630240365026732,0.52475,-0.3571818974654835,-0.4539864563858626,-0.13106906209432434,0.14594642197131796,0.03198142417245979,-0.5610245638997677,-0.23094657375812294,-0.06114865830825892,-0.3290181867248081
169,RLEL,Ridge Line Energy Limited,Hydro Power,752.1,752.1,0.7446432515647268,0.554493572100889,0.554493572100889,0.016260162601626,0.016260162601626,61.5,5.8,9.47,5.44,,12.229268292682928,,0.0,188.89275162060176,0.3498413681033816,0.0018916182661054,-0.0730874853503265,2.731838342448708,2.658750857098381,2.266513441464242,0.8619802622294227,-0.1831427877521426,0.012101781027915603,-0.13347474976738793,0.655424634764939,0.4086,-0.7296899705860592,-0.8033690487766069,-0.45102884474826,0.3044071846950019,0.018464031386699064,-0.7072141212596701,0.692595357179735,-1.689448173453779,-0.3437371403227299
170,LICN,Life Insurance Corporation (Nepal) Limited,Life Insurance,800.9,800.9,0.1749676723159713,0.030613686355669106,0.030613686355669106,0.009208103130755,0.009208103130755,108.6,4.5,4.1,0.27,,7.374769797421731,30.0,21.06367,171.84954365309008,0.261098901098901,0.011250142047248,-1.06426222101901,-1.4490290295704722,-2.513291250589482,-2.355093831192749,0.8855906861522771,-1.130559250227243,0.006715248360468277,0.021352415667863944,0.14253393609665702,0.57185,-0.2507359545149476,-0.3495246684556967,-0.0671823888506228,0.09369208611800534,0.047113329950521,-0.3973741734164209,-0.8236296407959471,0.5991432673340471,-0.3685728722181378
171,NMIC,Nepal Micro Insurance Company Limited,Non Life Insurance,821.8,821.8,0.3604443034904393,0.12992009591870793,0.12992009591870793,0.0069156293222683,0.0069156293222683,144.6,7.7,5.52,3.74,,5.683264177040111,,0.0,116.822874175361,0.074371462419376,0.0071448705222004,0.4383611770740084,0.7215066405337341,1.1598678176077426,0.9430971989000688,0.7956756523086183,0.0989535352086073,0.0009798254552064458,-0.01157076010575514,0.29400094538341226,0.48395,-0.45712081402834986,-0.5555140770548819,-0.20356587853319658,0.1874104280850592,0.003332728926870071,-0.8708579869030043,0.2584180956078656,-0.6331212817945895,-0.3716002128769734
172,BARUN,Barun Hydropower Co. Ltd.,Hydro Power,326.0,326.0,0.3110227293857268,0.09673513819454703,0.09673513819454703,0.0063856960408684,0.0063856960408684,156.6,3.0,1.97,1.78,,2.081736909323116,30.0,4.9878,71.34316185378259,0.2705314009661835,-0.0012254901960783,0.7722255567708788,-0.9450141604314068,-0.1727886036605279,-0.1742504553658038,0.8588153646543984,-0.1831427877521426,0.005617112270485533,0.0038473923254676023,0.2510810425083965,0.50615,-0.40894160458659207,-0.5010688416936411,-0.15853648026203118,0.16665663592194185,0.022371710003943,-0.664952879286927,-0.10815360658989129,-0.3219008837211454,-0.3736227710949564
173,ULBSL,Upakar Laghubitta Bittiya Sanstha Limited,Microfinance,2552.0,2552.0,0.5641772316067875,0.3182959486634987,0.3182959486634987,0.0207468879668049,0.0207468879668049,48.2,8.4,19.44,1.83,7.8883,52.946058091286304,29.937888198757765,0.0,601.6013012509732,0.1200992555831265,0.0165427190924409,-1.195071249886286,1.8111614948884784,0.6160902450021923,0.8785142884060464,0.7963651622365304,1.9047894002453176,0.013631302967137838,-0.06123994679861261,0.48322705635928465,0.4474,-0.6252270903614848,-0.7105949543015526,-0.33488270225444455,0.27978168260538633,0.028208898462429667,-0.6018241376355484,0.237230180331636,-1.1455134236677595,-0.3749402676551169
174,GRDBL,Green Development Bank Ltd.,Development Banks,960.0,960.0,0.4079563476120842,0.1664283815569917,0.1664283815569917,0.0122549019607843,0.0122549019607843,81.6,7.8,10.24,1.02,,11.764705882352942,30.0,7.968,180.49705127885608,0.1198044009779951,0.0055198852031464,0.4683889688619338,-0.0617687345689116,0.4066202342930222,0.4366265086273523,0.8961940330349266,0.6956814049714489,0.007376548853597977,-0.020649084993455247,0.3386606846301379,0.47615,-0.4969826391186005,-0.5939253481670532,-0.23060009423534303,0.216805938771797,0.021781532927727176,-0.6713355987139187,0.09225868914406023,-0.7424689892257993,-0.38012456167310327
175,SICL,Shikhar Insurance Co. Ltd.,Non Life Insurance,552.0,552.0,0.2001172742570159,0.04004692345605772,0.04004692345605772,0.0075987841945288,0.0075987841945288,131.6,2.9,2.24,0.86,,4.194528875379939,,6.0168,134.03042453400317,0.2417582417582417,0.0043668122270741,0.0651546417490612,-1.407842295344686,-1.342687653595625,-1.1528602772123235,0.8683255043921481,0.0989535352086073,0.0035210336317775884,0.01734442340522202,0.16040457148930054,0.54985,-0.282225718499378,-0.3810143925772776,-0.08676054829513286,0.10604941761239028,0.021950955631039805,-0.6695033052830375,-0.4292091588274964,0.29072665663063374,-0.3813396543180868
176,SWASTIK,Swastik Laghubitta Bittiya Sanstha Limited,Microfinance,1815.1,1815.1,0.3665515541541289,0.13436004185280728,0.13436004185280728,0.0116279069767441,0.0116279069767441,86.0,12.4,14.4,1.56,9.1059,21.10581395348837,,0.0,263.6524113002451,0.4731575973140975,0.0024632174258824,-0.7428214276781969,0.2511100697543985,-0.4917113579237984,0.3158237621734073,0.6630357335191714,1.9047894002453176,0.004742325817391756,-0.006432956691024672,0.3003193668432491,0.4905,-0.46051073850627555,-0.558790359760249,-0.20349259190452013,0.19670154865839096,0.01579094237990652,-0.7361233720952506,0.05262655833077124,-0.5412972454260734,-0.3816581745910064
177,SONA,Sonapur Minerals And Oil Limited,Manufacturing And Processing,434.9,434.9,0.2758616134577614,0.07609962977951935,0.07609962977951935,0.0251889168765743,0.0251889168765743,39.7,2.2,5.61,2.3,,10.954659949622163,,0.0,220.73645976392123,0.4223076923076921,0.0302025346440838,-4.239296034041808,0.7933865585003629,-3.445909475541445,-3.320914161310544,0.9495139535938302,-0.9700706422667996,0.0203371319575133,0.02434385546316209,0.22562454850538108,0.5447,-0.35624386170712286,-0.4531760132774324,-0.12493363888473402,0.16500829537905892,0.09013705331371893,0.06792406671952515,-1.1404893049092575,0.2185291318523349,-0.385320268905426
178,SIFC,Shree Investment Finance Co. Ltd.,Finance,480.3,480.3,0.3154141557936479,0.09948608967501958,0.09948608967501958,0.0096246390760346,0.0096246390760346,103.9,3.4,3.31,0.45,,4.622714148219441,,6.38799,121.21506909969672,0.1276326874473463,0.0012507817385866,1.0750563535697464,-1.4181112086687406,-0.3430548550989942,-0.3240124089126635,0.8524908094078855,-0.2139615687085477,0.005270916284902741,0.004133036733856343,0.256080395105962,0.506,-0.4112678741031163,-0.506681875621733,-0.16696698861667342,0.17041214108127745,0.020583052766385026,-0.6842970689521584,-0.15728647407884086,-0.32400372424866847,-0.4014341620621334
179,PROFL,Progressive Finance Limited,Finance,391.0,391.0,0.2752615424969796,0.0757689167778165,0.0757689167778165,0.0151285930408472,0.0151285930408472,66.1,4.7,7.67,0.59,,5.915279878971257,,0.0,105.22486027677051,0.1908585546633723,0.0116429495472186,-0.7911061429119588,-0.5005496825125417,-1.2916558254245003,-0.9846946063104952,0.7151685487780133,-0.2139615687085477,0.006297059590209396,0.011734099626520167,0.22384386709570822,0.52085,-0.372154733773886,-0.4675641683138267,-0.1346867417540174,0.1516218213013829,0.028131481429048855,-0.6026613968630808,-0.3740385268416859,-0.11582251202386418,-0.4138444718866796
180,CFCL,Central Finance Co. Ltd.,Finance,567.9,567.9,0.385402551348482,0.1485351265859193,0.1485351265859193,0.0236966824644549,0.0236966824644549,42.2,4.6,11.61,1.34,7.5752,13.45734597156398,,0.0,193.3427922719418,0.4627049180327868,0.0100129830864175,-1.831740653344759,0.7506541565032789,-1.0810864968414802,-1.0286928203187575,0.9395777069452552,-0.2139615687085477,0.01407762289887246,-0.0026148638314372197,0.3177239483193982,0.49735,-0.4699450947847464,-0.5730804814902342,-0.2070662963419561,0.21218924176526177,0.04430771735443957,-0.4277166566189927,-0.38847315704929736,-0.4452675280025103,-0.41552943106781814
181,RLFL,Reliance Finance Ltd.,Finance,424.0,424.0,0.3374687321874536,0.11388514520420728,0.11388514520420728,0.0106382978723404,0.0106382978723404,94.0,3.6,4.09,0.46,,4.51063829787234,30.031948881789138,0.0,109.3306521034321,0.2224123182207015,0.0019140338854887,0.5265409655293711,-1.2616178788780863,-0.7350769133487154,-0.6421506282924818,0.8216780871797211,-0.2139615687085477,0.007941425733692777,0.0016768398391922013,0.2769116640033333,0.502,-0.4362597631998342,-0.5309930439524546,-0.17997367860837396,0.18537260225812502,0.028678552643406106,-0.5967448639976989,-0.26165906408427314,-0.38007947164928907,-0.41937746556264666
182,MPFL,Multipurpose Finance Company  Limited,Finance,588.0,588.0,0.3585263178050415,0.12854112055884162,0.12854112055884162,0.0151515151515151,0.0151515151515151,66.0,4.8,7.36,1.28,,8.909090909090908,30.0,0.0,156.70252652137367,0.383399209486166,0.0059019758788812,-0.836583919861978,-0.1192539431493002,-0.9558378630112784,-0.8144604474542898,0.8094326282660571,-0.2139615687085477,0.01066388699578955,-0.001225796871708651,0.2947725125543398,0.498,-0.45716968991641826,-0.5503644295266845,-0.18916774643602596,0.1949245161764106,0.0361766668926558,-0.5156533383976974,-0.3181892796124312,-0.43615521904990967,-0.4207680910140334
183,BEDC,Bhugol Energy Development Company Limited,Hydro Power,308.9,308.9,0.3092536778518192,0.09563783726487675,0.09563783726487675,0.0212765957446808,-0.0054914881933003,-182.1,6.7,0.0,-1.09,,-1.6963207029104888,,0.0,,0.0849344978165938,0.0057302858631242,0.6016721948456631,-3.5458661964625184,-2.9441940016168555,-2.408152520901391,0.8058560167143175,-0.1831427877521426,0.017186858481998978,0.014518950046706447,0.2574410678876144,0.52435,-0.40138649121584496,-0.4989217684101211,-0.153331617541468,0.18243862693056678,0.06676036043131192,-0.18489305853390353,-0.8410367693012275,-0.06675623304832191,-0.4237231777437168
184,CORBL,Corporate Development Bank Limited,Development Banks,795.1,795.1,0.8454800842058271,0.7148365727886925,0.7148365727886925,0.0120048019207683,0.0120048019207683,83.3,5.7,6.94,1.68,,9.545018007202884,29.964028776978417,0.0,173.082469895062,-0.0020562316407889,-0.0043078618478722,2.5269121483932686,-0.0903445369944339,2.436567611398835,2.2836136255263595,0.912140158668748,0.6956814049714489,0.008672281205280848,-0.19514759195274467,0.75950416439712,0.38685,-0.7789066011969564,-0.8430618378082938,-0.5119215650651174,0.30776458811894813,0.011418345825878046,-0.7834126655912733,0.6982054674758575,-1.9943600499446532,-0.432954889235097
185,NLG,NLG Insurance Company Ltd.,Non Life Insurance,512.0,512.0,0.2775194271248738,0.07701703243171815,0.07701703243171815,0.0042319085907744,0.0042319085907744,236.3,3.1,1.29,0.61,,2.166737198476513,,7.3728,89.73224063028893,0.1191532946398087,0.0010949475989363,1.1386790444562194,-1.8521203230746064,-0.7134412786183872,-0.5623646214323073,0.814035423891501,0.0989535352086073,0.003351282030917046,0.007494333203328929,0.2245760078887153,0.51315,-0.37009518062413144,-0.46879659626450976,-0.14220312772328866,0.1494686241458717,0.014922707293727099,-0.7455132673912289,-0.23548342194224678,-0.22376832577005934,-0.4371523408874021
186,PMHPL,Panchakanya Mai Hydropower Ltd,Hydro Power,309.0,309.0,0.3953880050184358,0.1563316745124586,0.1563316745124586,0.0196463654223968,0.0196463654223968,50.9,3.7,7.39,2.61,,6.070726915520629,29.94117647058824,0.0,106.8046067436424,0.1560283687943262,0.0213863087958219,-2.095426717569335,0.9228292426344872,-1.1725974749348478,-0.8730176129695517,0.6972273052560941,-0.1831427877521426,0.012568799106892459,-0.008133290540833449,0.3236245872782765,0.48885,-0.48113796583637136,-0.5769099711163979,-0.21062780110778467,0.2118170464616272,0.03883759022328199,-0.48687565840879804,-0.337400310088804,-0.5644284912288291,-0.4425960856448066
187,NGPL,Ngadi Group Power Ltd.,Hydro Power,403.0,403.0,0.247085358284332,0.06105117427849672,0.06105117427849672,0.0031367628607277,0.0031367628607277,318.8,2.9,0.85,0.71,,1.2641154328732749,29.990592662276576,4.997199999999999,62.86923124308111,0.3773584905660377,-0.0024258626664686,0.4477046880967379,-1.9029989620293133,-1.4552942739325754,-1.3633897096184815,0.927756587707937,-0.1831427877521426,0.0048511738109766125,0.013481640179014431,0.20052026175697207,0.52905,-0.34003727664794703,-0.43626190315684316,-0.11631124997514103,0.1321195855800783,0.02419293575856275,-0.6452564636289624,-0.49827820113068033,-0.0008672298525922264,-0.45758731187437557
188,OMPL,Om Megashree Pharmaceuticals Limited,Manufacturing And Processing,870.0,870.0,0.3390108030987042,0.11492832461762838,0.11492832461762838,0.0212765957446808,-0.007230657989877,-138.3,8.9,0.0,-2.53,,-6.290672451193058,,0.0,,0.0328812166050143,-0.0020303520423964,2.018172662901896,-4.509920525134252,-2.491747862232356,-2.323700367935242,0.8895642964932357,-0.9700706422667996,0.016905163137517467,0.008981719825197132,0.2780508218487006,0.51205,-0.4255001454956183,-0.5172556374868694,-0.17485200401875867,0.19401327289383474,0.06079882456422406,-0.24936660779059255,-0.8133302901683682,-0.23918915630522986,-0.4729165904446303
189,IHL,Ingwa Hydropower Limited,Hydro Power,327.2,327.2,0.3372112725703783,0.11371144234853398,0.11371144234853398,0.0212765957446808,-0.016,-62.5,3.6,0.0,-1.29,,-5.2352,,0.0,,0.1257383966244725,-0.0047753748821364,1.992667225943314,-4.205394379958381,-2.2127271540150675,-1.71667030250687,0.7555869764499679,-0.1831427877521426,0.013375743264480914,0.001896873553593692,0.27880908020962336,0.5025,-0.42470141317054877,-0.523646308248346,-0.17758672376698711,0.19157087054819588,0.04797456113848345,-0.38806002473788276,-0.6141800583495206,-0.37307000322421224,-0.47551003387980384
190,SPHL,Sayapatri Hydropower Limited,Hydro Power,512.0,512.0,0.3531433282264242,0.12471021027083597,0.12471021027083597,0.0019561815336463,0.0019561815336463,511.2,5.6,1.06,0.57,,1.001564945226917,30.0,0.0,45.39121250901136,0.1511476829796448,-0.0037553752456559,1.718628236099589,-2.021986503517744,-0.3033582674181549,-0.2854241520751771,0.8508169214746453,-0.1831427877521426,0.0035698083286086783,-0.0071500726129353764,0.2871691741839146,0.4901,-0.4511718168837868,-0.5475433680252433,-0.1949119745077011,0.18778702746909148,0.012431028987541786,-0.7724605755325011,-0.144626705259569,-0.5469048201661355,-0.4762158763500552
191,AKPL,Arun Kabeli Power Ltd.,Hydro Power,253.0,253.0,0.2887435487495918,0.0833728369445079,0.0833728369445079,0.0080840743734842,0.0080840743734842,123.7,2.5,2.01,1.14,,2.045270816491512,,0.0,68.24281390118063,0.2549476135040746,0.0042472115270114,0.0207749250106837,-1.2419064563099014,-1.2211315312992177,-1.1053464656192933,0.8884524842877805,-0.1831427877521426,0.00456035694622617,0.0075756887301829945,0.23319040820951714,0.51335,-0.3818521709381003,-0.4805606631424174,-0.14836313926306888,0.1568746245893543,0.019556365895327804,-0.6954006080447847,-0.4136211556423962,-0.2209645384000286,-0.48780161315487813
192,SJCL,SANJEN JALAVIDHYUT COMPANY LIMITED,Hydro Power,247.9,247.9,0.3200846874126665,0.10245420711606441,0.10245420711606441,0.0090579710144927,0.0090579710144927,110.4,3.0,2.69,0.63,,2.245471014492753,,0.0,64.61340405593604,0.223474801061008,0.0061693319262927,-0.1201168888261905,-1.4160573732117383,-1.5361742620379288,-1.1965095323438224,0.7489602155238831,-0.1831427877521426,0.006941798390702877,0.004478679855247414,0.260160193064898,0.50595,-0.410747573691374,-0.5065128449894413,-0.16853779227835616,0.17528286848816227,0.026682784590997044,-0.6183289411047913,-0.44352930501667015,-0.3247046710911761,-0.4896842326668198
193,NLIC,Nepal Life Insurance Co. Ltd.,Life Insurance,745.0,745.0,0.1777438977462634,0.031592893186034136,0.031592893186034136,0.00659195781147,0.00659195781147,151.7,5.9,3.84,0.17,,4.911008569545155,,21.0835,118.12144077464546,0.3368146214099217,0.0065391266753134,-0.7122125218564215,-1.6765716445450158,-2.3887841664014373,-2.217543505964698,0.8639029809094705,-1.130559250227243,0.003286307254453936,0.017875805301417302,0.14516517494877343,0.55875,-0.25690964626332574,-0.3603321304865103,-0.07150920450803402,0.09223831753828354,0.022638399709941612,-0.6620686507459432,-0.778503079994394,0.4154951945970148,-0.493129653376732
194,DOLTI,Dolti Power Company Limited,Hydro Power,299.0,299.0,0.3260606885304384,0.10631557260494356,0.10631557260494356,0.0029002320185614,0.0029002320185614,344.8,5.0,1.49,0.45,,0.867169373549884,,0.0,34.15810873147647,0.0747663551401869,-0.004594180704441,2.206551416885791,-1.9922594800706928,0.2142919368150977,0.1488603022955216,0.835365078904911,-0.1831427877521426,-0.001328670341468794,-0.0078272099558227,0.26459224072037596,0.48855,-0.42419892214352317,-0.5248648104010022,-0.17807745950468837,0.1680448590096682,-0.0050215771174973636,-0.9612091605377431,-0.002149660564569945,-0.5686341722838759,-0.4990703628977004
195,NICA,NIC Asia Bank Ltd.,Commercial Banks,316.3,316.3,0.2930176541704271,0.08585934565554,0.08585934565554,0.0038505968425105,0.0038505968425105,259.7,1.8,0.65,0.05,,1.2179437812860994,,0.0,69.39340909092098,0.1239592969472713,-0.000695058764059,1.3858404961454878,-2.292763594546809,-0.9069230984013216,-0.8173412431745486,0.8998889973066748,-0.0120978262861928,0.0027278280544159672,0.0033633185246758623,0.2370358306713093,0.50705,-0.39029184853884136,-0.4891773417241689,-0.15139149698227544,0.15513694884966445,0.011508083173292764,-0.782442163120484,-0.31913439117804604,-0.3092838405560056,-0.5024873898306131
196,STC,Salt Trading Corporation,Tradings,5563.0,5563.0,0.1751864197355712,0.03069028165976773,0.03069028165976773,0.0063734862970044,0.0063734862970044,156.9,12.0,3.0,1.37,3.5721,35.45570427023582,30.0,10.0134,608.1325146328952,0.4226919629518972,0.0188476746720291,-2.974523414823232,-0.2437777731372372,-3.2183011879604697,-2.890124791224252,0.8658387183520894,-0.7721677528500672,0.0049218769219260185,0.019398974570760008,0.14036834804097317,0.5649,-0.24776437668215362,-0.34427518500515486,-0.06867237830100653,0.09054830345898485,0.035064008308264304,-0.527686654919818,-0.999158903329826,0.5017116562254688,-0.510395892054764
197,RFPL,River Falls Power Limited,Hydro Power,336.0,336.0,0.3323393335753037,0.11044943264127699,0.11044943264127699,0.0080645161290322,0.0080645161290322,124.0,2.8,2.42,1.36,,2.7096774193548385,,0.0,85.53437339606846,0.1896333754740834,0.0051453871006342,0.1944187875091319,-1.0574381717199377,-0.8630193842108056,-0.756862638961262,0.8438588034909686,-0.1831427877521426,0.004121894058917545,-0.003288084552117987,0.2731629349468416,0.49535,-0.4340170031490568,-0.532548629025663,-0.17777758288573892,0.1742396433758277,0.01508950714605435,-0.7437093398908677,-0.29929298836275575,-0.4733054017028206,-0.5118620116420135
198,MEL,Modi Energy Limited,Hydro Power,214.0,214.0,0.2984690547609909,0.08908377664991939,0.08908377664991939,0.0212765957446808,-0.0129366106080206,-77.3,3.7,0.0,-1.48,,-2.768434670116429,,0.0,,0.1428571428571428,0.0064904524503809,0.2129550124012986,-4.164013144526567,-3.9510581321252687,-3.3577719744803525,0.8425425989119132,-0.1831427877521426,0.01623849287628014,0.018421272395719446,0.24389669377707038,0.5332,-0.38873511085852885,-0.48427881805137857,-0.14475265535990445,0.17366247017086212,0.0665793891044815,-0.18685024943480294,-1.1525813617201888,0.057311358075551426,-0.5243103728468864
199,BHPL,Barahi Hydropower Public Limited,Hydro Power,447.5,447.5,0.346359174889054,0.11996467802982629,0.11996467802982629,0.0212765957446808,-0.0006634379353811,-1507.3,8.9,0.0,-0.2,,-0.2968884760830624,,0.0,,0.0814954276492738,0.011253728645033,-0.2148995132800722,-2.757879340373483,-2.9727788536535558,-2.369079350853576,0.7835920211316503,-0.1831427877521426,0.015276130442785574,0.004471511516397908,0.28833406495045344,0.50635,-0.4380733761179698,-0.5338620266197146,-0.18414312014350154,0.19853430282471596,0.052980664790372875,-0.3339194009825067,-0.8282179135046396,-0.31909709635111466,-0.5286743450650815
200,SGHL,Sanigad Hydro Limited,Hydro Power,486.5,486.5,0.6535809750867566,0.4271680909953556,0.4271680909953556,0.019193857965451,0.019193857965451,52.1,4.4,8.34,3.13,,9.33781190019194,,0.0,152.41541880400123,0.6506777893639207,0.0023694241269186,-1.5687241068824238,1.3356338026199128,-0.2330903042625109,-0.2280038165142431,0.8981633501795435,-0.1831427877521426,0.01753559224019188,-0.09052750856985614,0.5631112613616406,0.4312,-0.6747764360166155,-0.7545923377538647,-0.3868740952045408,0.29943909153332665,0.031140546182276036,-0.570118594318721,-0.12578863810385685,-1.3726202006402728,-0.5528869330970858
201,NRN,NRN Infrastructure and Development Limited,Investment,1415.0,1415.0,0.339054059865391,0.11495765551120414,0.11495765551120414,0.0212765957446808,-0.0030534351145038,-327.5,8.4,0.0,-2.15,,-4.320610687022901,,42.0255,,0.1508379888268156,-0.001622803922952,1.3985365055842855,-4.065154869059553,-2.666618363475268,-2.540608869448534,0.9439171757983826,-0.4197719212609722,0.014153379893121156,0.005453406653376569,0.27808494544190976,0.5081,-0.4308079877292065,-0.5221134613575489,-0.17631217876623925,0.19284269184088954,0.05089588676089519,-0.35646611410636014,-0.884492133411449,-0.2945639568633428,-0.5552960903797923
202,NFS,Nepal Finance Ltd.,Finance,495.0,495.0,0.358024369690454,0.12818144929224687,0.12818144929224687,0.0212765957446808,-0.0181159420289855,-55.2,4.0,0.0,-1.28,,-8.967391304347826,,0.0,,0.1153846153846153,0.00399570005882,0.7191263325133151,-4.307646570199984,-3.588520237686669,-2.896610591576461,0.7949629228643013,-0.2139615687085477,0.01729357845007648,0.006918271663687969,0.2958103072945545,0.5096,-0.4495053382907911,-0.5443517815125983,-0.18519325597511407,0.20447812402804222,0.05846171693015524,-0.27464224606951243,-1.0012867199195392,-0.27353555158810927,-0.5650786967132425
203,MKJC,Mailung Khola Jal Vidhyut Company Limited,Hydro Power,329.3,329.3,0.3893160781076025,0.15156700867308484,0.15156700867308484,0.0013982102908277,0.0013982102908277,715.2,3.2,0.44,0.22,,0.4604306487695749,,0.0,32.650831652865165,0.2018276762402089,-0.0081325301204818,2.13880900667459,-2.34154156838349,-0.2027325617088999,-0.2007444986792877,0.898515264443543,-0.1831427877521426,-0.0002831490436878816,-0.02072694828971583,0.3155317619397056,0.47305,-0.48186593710440895,-0.571168497680344,-0.2201681156870736,0.19487751568273398,-0.0008973709713001509,-0.9166061900885398,-0.11684558935680006,-0.7859276934612801,-0.570566250470392
204,UPCL,UNIVERSAL POWER COMPANY LTD,Hydro Power,336.0,336.0,0.291848518335416,0.08517555765457763,0.08517555765457763,0.0033489618218352,0.0033489618218352,298.6,3.1,1.03,0.67,,1.1252511721366376,,9.0048,52.38473940965146,0.1571428571428573,0.0020577972622349,0.8137260868554459,-1.8937054619459883,-1.0799793750905424,-0.9690865719504784,0.8763511606176018,-0.1831427877521426,0.00036812787201703594,0.0020142766993370698,0.23576657570690257,0.5032,-0.38962948571838685,-0.4892416644238625,-0.15326970311355942,0.152911740044257,0.0015614082314818055,-0.8900146832057132,-0.3689179507152953,-0.3632567474291032,-0.5762244030542241
205,GMLI,Guardian Micro Life Insurance Limited ,Life Insurance,990.0,990.0,0.3124571915771009,0.09762949656824912,0.09762949656824912,0.0021640337589266,0.0021640337589266,462.1,9.2,2.0,1.41,,2.1423934213373728,,0.0,72.02189692717099,0.0856658184902459,0.007018614586512,0.4039523859942471,-1.3821891883330686,-0.9782368023388216,-1.0230241771424966,0.7059699642137937,-1.130559250227243,0.0011249769795681427,0.0006400422869380362,0.2538759876178848,0.50075,-0.41036659558917765,-0.5093381612836483,-0.1671049499554286,0.16157401183173314,0.004431206708928196,-0.8589780346611839,-0.38661342774272006,-0.3976031427119826,-0.5777572135039581
206,NRM,Nepal Republic Media Limited,Others,288.0,288.0,0.3410044367936296,0.1162840259129405,0.1162840259129405,0.0212765957446808,-0.0110253583241455,-90.7,3.4,0.0,-2.56,,-3.175303197353914,,0.0,,0.0858864892014064,-0.0022518621167503,1.80074598202972,-4.722425125195997,-2.921679143166277,-2.646672186418816,0.7448532660176916,-1.8438407070037723,0.012936104755166192,0.0064418872114542225,0.2806767264518178,0.51025,-0.4304394735549064,-0.5315868881298813,-0.1793291901055951,0.19286664652357832,0.04608898257685381,-0.40845241102574237,-0.9192886539877434,-0.2644232426355094,-0.5839810745324961
207,HATHY,Hathway Investment Nepal Limited,Investment,452.9,452.9,0.3722408972031596,0.13856328555061326,0.13856328555061326,0.0013173494928204,0.0013173494928204,759.1,6.6,0.88,0.7,,0.5966275852983796,,5.97828,30.35093790944277,0.0447928331466965,0.0049258897665748,0.9129169048947308,-1.99843365537395,-1.0855167504792194,-1.0508215755372434,0.9478851754917615,-0.4197719212609722,0.0038242943222048156,-0.01137620632406633,0.3033943036917945,0.4849,-0.46690112823794766,-0.5628298608893637,-0.2030821763733717,0.19109943968618415,0.012605030073635646,-0.7705787672459949,-0.3957330062439399,-0.619803291786942,-0.5904853677533625
208,SOHL,Solu Hydropower Limited,Hydro Power,645.0,645.0,0.6520780000652345,0.425205718169076,0.425205718169076,0.0172711571675302,0.0172711571675302,57.9,4.7,8.07,4.29,,11.139896373056995,,0.0,185.4653412101856,0.5994787141615986,0.0017394545567497,-1.231455203642156,1.9079681414732532,0.6765129378310974,0.6246785289651644,0.9397032936286608,-0.1831427877521426,0.0013105059336094313,-0.10879436592125113,0.5573340982899313,0.42035,-0.6818439250114967,-0.7605228152597951,-0.39637779287017544,0.2807035134567514,0.002351383017171312,-0.8814711670058224,0.15395349732106475,-1.5247256654644563,-0.5959522009667944
209,GHL,Ghalemdi Hydro Limited,Hydro Power,253.7,253.7,0.3846903326158042,0.14798665200805808,0.14798665200805808,0.0212765957446808,-0.0052273915316257,-191.3,2.7,0.0,-0.94,,-1.3261892315734447,,0.0,,0.6092572658772873,-0.0126483751702665,0.8917234480880838,-3.441197989581735,-2.5494745414936517,-2.416965523101505,0.9440023495511016,-0.1831427877521426,0.01425091251820256,-0.0038365604678133325,0.31718276886035573,0.4955,-0.47310967384045693,-0.5643139093374205,-0.20850301149773537,0.2152551361336918,0.044929655445680054,-0.4209904442713361,-0.8439280782019393,-0.4712025611752976,-0.6002079212243696
210,UAIL,United Ajod Insurance Limited,Non Life Insurance,371.9,371.9,0.3093825178739717,0.09571754236603841,0.09571754236603841,0.0073475385745775,0.0073475385745775,136.1,2.0,1.53,0.8,,2.7325495958853785,,10.00411,106.9235518512406,0.1078787878787876,0.0109824389713476,-0.2988424014013985,-1.5468436177774567,-1.845686019178855,-1.4635571137205414,0.803496280533757,0.0989535352086073,0.0022655821899198675,0.0004373858162272093,0.25077330062420033,0.50075,-0.4074033620810977,-0.506867479696056,-0.16129628492328335,0.16372538972844847,0.009034383581827102,-0.8091950328527802,-0.5311404313293446,-0.3976031427119826,-0.6156548142152465
211,JFL,Janaki Finance Company Limited,Finance,285.0,285.0,0.3652963112804321,0.13344139503509034,0.13344139503509034,0.0047483380816714,0.0047483380816714,210.6,,0.0,0.2,,1.3532763532763532,,14.991,,0.1442744935923935,0.0059296908089792,0.2908017308945583,-2.237755980875408,-1.9469542499808496,-1.6142013672203597,0.807989447182088,-0.2139615687085477,0.00455591985511263,-0.008597343960163761,0.2980583360766861,0.48815,-0.45884568455151387,-0.5543975809816286,-0.2006310536223948,0.19410547225389096,0.015285329426050537,-0.7415915370802544,-0.5805627576938467,-0.5742417470239382,-0.643710067314428
212,MBJC,Madhya Bhotekoshi Jalavidyut Company Limited,Hydro Power,295.9,295.9,0.2755867081511983,0.07594803370961374,0.07594803370961374,0.0095510983763132,0.0095510983763132,104.7,3.1,2.99,0.76,,2.826170009551098,,0.0,77.9079965689241,0.5609467455621299,0.0074220345907665,-1.9059587553360235,-1.2739238588778237,-3.179882614213847,-2.854873932936717,0.8915459131929806,-0.1831427877521426,0.00662338831774439,0.011171057774108317,0.22406490195625003,0.5193,-0.3663254331861065,-0.46641536129443,-0.13814609146281365,0.15134612137157072,0.02956013306821987,-0.5872106398966992,-0.9875940451793128,-0.13755186414160536,-0.6574322468587259
213,GLH,GreenLife Hydropower Limited,Hydro Power,278.8,278.8,0.3094534034768799,0.09576140892342462,0.09576140892342462,0.008347245409015,0.008347245409015,119.8,2.5,3.0,0.39,,2.327212020033389,,0.0,76.41623126448845,0.4577387486278816,0.0064981949458484,-1.2782670292507157,-1.5591239980830212,-2.837391027333737,-2.619528480772524,0.9179193026061664,-0.1831427877521426,0.00678905486049238,0.0076426834999809845,0.2516105481388396,0.5122,-0.4046935165845086,-0.49947325533196996,-0.16255688187697223,0.17060455468781238,0.026982393666366306,-0.6150886921304936,-0.910383534489145,-0.2370863157777068,-0.6576061538033968
214,USHL,Upper Syange Hydropower Limited,Hydro Power,515.0,515.0,0.3265354097155138,0.10662537379807847,0.10662537379807847,0.0016826518593303,0.0016826518593303,594.3,5.1,0.91,0.31,,0.8665657075551069,,0.0,44.3721563823372,0.0983434682323337,0.0087556069183006,0.0820500161408366,-2.2129254432578875,-2.1308754271170507,-1.5951778998990809,0.7249635209724454,-0.1831427877521426,0.0007903164746371537,-0.0017459067971410946,0.2627814232432112,0.49745,-0.4272486610373162,-0.5214157169734942,-0.17479588934733425,0.16917316181467779,0.0030075051154042,-0.8743752572667968,-0.5743216699079272,-0.44386563431749493,-0.6682518977333887
215,PHCL,Peoples Hydropower Company Limited,Hydro Power,319.6,319.6,0.3436658753603768,0.11810623388721404,0.11810623388721404,0.0069832402234636,0.0069832402234636,143.2,3.1,2.29,0.62,,2.2318435754189947,,0.0,71.95246448476668,0.4228675136116154,0.0047470841585716,-0.8492133237001628,-1.5788763341375254,-2.4280896578376883,-2.300407060961508,0.94312444602695,-0.1831427877521426,0.005919041515173164,-0.0013493506230448093,0.28276166472690895,0.4979,-0.4452417696935736,-0.5427681318592751,-0.18507881667248005,0.18516239978853372,0.020932970248600608,-0.6805127384493507,-0.8056883828760613,-0.43755711273492504,-0.68199187107715
216,TTL,Trade Tower Limited,Others,692.1,692.1,0.4451930871083246,0.1981968848090403,0.1981968848090403,0.001307873397855,0.001307873397855,764.6,6.6,0.86,0.54,,0.905179178655506,,0.0,46.21372691393204,0.0533464566929134,0.0037271764825316,1.0531867726316204,-2.098668873509243,-1.0454821008776227,-1.1740422683363876,0.8389693973707214,-1.8438407070037723,0.0030770613927542496,-0.03101243056825581,0.36388384981064364,0.4644,-0.5253046093158688,-0.6206896376952751,-0.2538233642829343,0.2199066197154137,0.00845616367518228,-0.8154484364157908,-0.43615840019623364,-0.9071914972151227,-0.6820810340878344
217,NWCL,Nepal Warehousing Company Limited ,Others,602.0,602.0,0.3425547562708613,0.11734376104378919,0.11734376104378919,0.0212765957446808,-0.01085776330076,-92.1,5.8,0.0,-2.6,,-6.536373507057546,,0.0,,0.0654008438818565,0.006369213794948,0.5977676161844705,-4.738150831183875,-4.140383214999404,-3.324983066038074,0.6449444562326034,-1.8438407070037723,0.01304238912190051,0.00501160470779205,0.28496058019358117,0.5072,-0.4341953967368859,-0.5323121732562204,-0.1831449816102131,0.19261221983923182,0.04576909940680383,-0.4119119227657393,-1.1418242030730983,-0.3071810000284826,-0.6829306503412316
218,SYPNL,SY Panel Nepal Limited,Manufacturing And Processing,1319.8,1319.8,0.5962796375732466,0.3555494061844824,0.3555494061844824,0.0039108330074305,0.0039108330074305,255.7,11.8,4.62,3.89,,5.161517403206883,,0.0,113.97064744289816,0.5165022467847735,0.0041465363107239,-1.2017503463672548,0.545140970425547,-0.6566093759417078,-0.6764634251115562,0.936661874040738,-0.9700706422667996,0.004666933798942258,-0.08196418850754228,0.5068890144216478,0.43175,-0.6494740109547084,-0.7348153620299354,-0.3586729714194372,0.2724203012700033,0.009207013105752853,-0.8073280579050269,-0.27291616950630765,-1.3649097853726875,-0.7050796480390713
219,BNHC,Buddha Bhumi Nepal Hydropower Company Limited,Hydro Power,278.5,278.5,0.5305492602940594,0.28148251759857357,0.28148251759857357,0.0053648068669527,0.0053648068669527,186.4,2.8,2.06,0.85,,1.4940987124463518,,0.0,57.82484654067387,0.0846300846300846,0.0051248736826909,0.6943990692908333,-1.551026102035556,-0.8566270327447227,-0.7390943877643903,0.8254856800969006,-0.1831427877521426,0.0021976504879952954,-0.06274940001337809,0.4384497275682513,0.43855,-0.5942935610202983,-0.6793082646935089,-0.31023330180779274,0.24562986842169293,0.005012320340997813,-0.852693335681544,-0.29346370321462156,-1.2695810147916329,-0.7123790185167929
220,DORDI,Dordi Khola Jal Bidyut Company Limited,Hydro Power,263.0,263.0,0.3238236732591206,0.1048617713630297,0.1048617713630297,0.0054054054054054,0.0054054054054054,185.0,2.5,1.35,0.99,,1.4216216216216215,29.983792544570505,0.0,58.00843368320143,0.436570428696413,0.0065444525240153,-1.1850710912204223,-1.5535561780970506,-2.738627269317473,-2.41972058994206,0.8752069591203032,-0.1831427877521426,0.004208412537111229,-0.00033088541013120976,0.26625968956490115,0.4997,-0.4267192688060471,-0.5216518968416005,-0.17378735953574956,0.17467710287112548,0.015805669059361774,-0.7359641041961028,-0.8448319415049632,-0.41232302640464624,-0.7147830235613557
221,SANVI,Sanvi Energy Limited,Hydro Power,559.0,559.0,0.4694187645584534,0.2203539765195847,0.2203539765195847,0.0212765957446808,-0.0138121546961325,-72.4,5.3,0.0,-2.48,,-7.720994475138121,,0.0,,0.0328185328185328,-0.000107323006475,1.7285076371829542,-4.816487211324166,-3.087979574141212,-2.749560592863958,0.8834981080992389,-0.1831427877521426,0.015160480501708599,-0.022463125800785133,0.3925847339062941,0.47815,-0.553133108101809,-0.6430287477289148,-0.26733001463316963,0.2509764677126472,0.03861709127316002,-0.48926033749799414,-0.9530435718443444,-0.714431115525489,-0.7198077868420333
222,RSML,Reliance Spinning Mills Limited,Manufacturing And Processing,2754.0,2754.0,0.7692227744180097,0.5917036766833402,0.5917036766833402,0.007627765064836,0.007627765064836,131.1,5.5,4.17,2.85,0.4633,21.006864988558352,,30.0186,486.4884169444266,0.5167403663929249,0.0037723470559291,-1.146455471730648,1.6144297144687032,0.4679742427380551,0.395808182398121,0.9498165453022764,-0.9700706422667996,-0.0011995769076572041,-0.15891769299091235,0.6812940131427109,0.39255,-0.7498600780807053,-0.8156472585930699,-0.472821840931552,0.2866146131053069,-0.0017607330822176598,-0.9259433845340025,0.0788672945592265,-1.9144521098987692,-0.7217208579696643
223,AKJCL,Ankhu Khola Jalvidhyut Company Ltd,Hydro Power,358.0,358.0,0.4683905822284827,0.219389737520337,0.219389737520337,0.0088809946714031,0.0088809946714031,112.6,3.8,3.45,2.46,,3.179396092362345,,0.0,82.09435445038818,0.6338526912181304,0.0038415164175756,-1.7110735708802018,-0.2171247119526279,-1.9281982828328297,-1.8320305548310225,0.9448913067390096,-0.1831427877521426,0.006854988058860417,-0.03226174996932246,0.3905174391837685,0.46665,-0.5555551884544937,-0.644690316613363,-0.27458466709133184,0.23873780856867438,0.01755360291511749,-0.7170603347549653,-0.6520266532736507,-0.8756488893022732,-0.7227645730719011
224,MEHL,Manakamana Engineering Hydropower Limited,Hydro Power,255.9,255.9,0.3699659877849067,0.13687483211766172,0.13687483211766172,0.0067796610169491,0.0067796610169491,147.5,4.0,2.7,1.07,,1.734915254237288,,0.0,49.97301347998924,0.120066889632107,0.0145502121079967,-0.8944802882304687,-1.264069919779073,-2.1585502080095416,-1.9762377428788027,0.9077089296814612,-0.1831427877521426,0.0024492160093959924,-0.01109900211043835,0.3034980278522927,0.48585,-0.46516223820330144,-0.5573056101976972,-0.20978040285356336,0.1938808396130986,0.008069956917769443,-0.8196252326227531,-0.6993371516579326,-0.6064853017792946,-0.7288820140681334
225,RHGCL,Rapti Hydro And General Construction Limited,Hydro Power,262.8,262.8,0.3898817490105301,0.15200777821150996,0.15200777821150996,0.0212765957446808,-0.0082034454470877,-121.9,2.8,0.0,-1.41,,-2.155865463494668,,0.0,,0.3357879234167895,0.0032831946247232,-0.2164122208723657,-3.879156519861195,-4.095568740733561,-3.609359416518845,0.8757268942446806,-0.1831427877521426,0.01534252527267224,-0.004284305553171497,0.3231215070760183,0.4946,-0.4753747743206692,-0.5734280462584596,-0.2102531475446135,0.21502339635387935,0.04748221624586173,-0.3933846966669694,-1.2351204322838836,-0.48381960434043736,-0.7481659724484288
226,JHAPA,Jhapa Energy Limited,Others,1038.0,1038.0,0.510841187338515,0.2609587186814238,0.2609587186814238,0.0037147102526002,0.0037147102526002,269.2,10.2,3.78,1.75,,3.855869242199109,,0.0,93.96172883385594,0.4552457813646369,0.0004819277108433,-0.3593143130165988,-0.871369057336782,-1.2306833703533808,-1.369378066939935,0.7738024348787419,-1.8438407070037723,0.0014036988051582238,-0.053570429223384786,0.42533224230831085,0.44965,-0.5878262922583422,-0.6762057915449893,-0.3062221963472961,0.24193306155187722,0.003300240765995642,-0.8712093438497873,-0.5002428200461206,-1.1139708157549109,-0.7713750287093455
227,BANDIPUR,Bandipur Cablecar and Tourism Limited,Hotels And Tourism,640.0,640.0,0.4723180993242397,0.22308438694926233,0.22308438694926233,0.0212765957446808,-0.0007536930961712,-1326.8,7.0,0.0,-0.35,,-0.482363581549593,,0.0,,0.3744725738396624,0.0033077803383028,-0.4031793946072943,-2.853647482563115,-3.256826877170409,-3.050964591528696,0.897741486643145,-1.243671405964712,0.014847628179470681,-0.0295057279022668,0.3962347662251667,0.4698,-0.5493000490720054,-0.6420567732352306,-0.2663577937545534,0.24242745428826162,0.03747179562490304,-0.5016466213412277,-1.051926114281269,-0.8314892382242847,-0.7877269418938557
228,PPL,People's Power Limited,Hydro Power,324.9,324.9,0.3389981453224672,0.11491974253207259,0.11491974253207259,0.0212765957446808,-0.0070571630204657,-141.7,3.2,0.0,-2.23,,-2.2928722653493296,,0.0,,0.3813349814585907,0.0092883103973158,-1.3374201983671292,-4.318743401759793,-5.656163600126922,-4.707316974402996,0.8266320084918122,-0.1831427877521426,0.01654211370359318,0.008731218642279548,0.2793193243207224,0.5118,-0.42743181973574745,-0.5313464300325463,-0.17154976038646394,0.19361492647115525,0.05922294758453252,-0.2664095954263033,-1.595330765565449,-0.24269389051776824,-0.7932349225002547
229,SINDU,Sindhu Bikash Bank Ltd,Development Banks,417.9,417.9,0.5670646709028828,0.3215623409861948,0.3215623409861948,0.0004299226139294,0.0004299226139294,2326.0,4.3,0.2,0.02,,0.179664660361135,,0.0,19.820953707199475,0.1492967293679037,0.0027594481103778,0.745057240693737,-2.542958501225467,-1.79790126053173,-1.4317505957561776,0.8531628127509191,0.6956814049714489,0.0035727375259447876,-0.07537014239643924,0.47802742087047634,0.4377,-0.6202939322190025,-0.7031515547091692,-0.3396470617702416,0.26122591615042023,0.007473917541045908,-0.826071352376266,-0.520705568566026,-1.281497111114265,-0.79501019059977
230,IGI,IGI Prudential insurance Limited,Non Life Insurance,393.0,393.0,0.2626420224607173,0.06898083196225592,0.06898083196225592,0.0003392130257801,0.0003392130257801,2948.0,2.2,0.07,0.03,,0.1333107191316146,,4.991099999999999,23.14774713091872,0.259766963673749,0.0141150362552577,-1.4899390209371606,-2.5579462022453563,-4.047885223182517,-3.270116323425876,0.8124429366387044,0.0989535352086073,0.0018768170492161655,0.0102777393928285,0.21319817519090115,0.5206,-0.36299153226021025,-0.4534909844204986,-0.13517061437950345,0.14217525280300664,0.00880315719182696,-0.8116957283744533,-1.1238239010573265,-0.11932724623640413,-0.7980733010199929
231,ECL,Everest Colour Limited,Manufacturing And Processing,1296.1,1296.1,1.2053001101576029,1.4527483555459295,1.4527483555459295,0.0056915196357427,0.0056915196357427,175.7,11.1,6.32,5.33,,7.37677859988617,,0.0,139.21383568903988,0.5937388618272542,-0.0029386423779926,-0.498912289559221,1.7260463354567244,1.2271340458975033,1.0058993857163785,0.8993108555735153,-0.9700706422667996,0.0091889733345388,-0.38154587968373804,1.248848037479802,0.32195,-0.9017189202204768,-0.9345875220942603,-0.6995127966456198,0.2295635029224889,0.007357959542525538,-0.827325429160503,0.2790218033572875,-2.904189051519722,-0.8001592606252307
232,MKHC,Maya Khola Hydropower Company Limited,Hydro Power,263.8,263.8,0.3430102852554316,0.11765605579101256,0.11765605579101256,0.0060096153846153,0.0060096153846153,166.4,4.3,2.55,0.5,,1.5853365384615383,,0.0,46.77945539925412,0.1678136580201165,0.0198716461764477,-1.922809403607089,-1.6687999985087931,-3.5916094021158824,-3.0142254736330782,0.830603026578101,-0.1831427877521426,0.004529482358342117,-0.00408830796013232,0.2805002450004455,0.49495,-0.4414378666165154,-0.5378336070990369,-0.18709143594756522,0.1816869147827897,0.016147873091287044,-0.7322631940615222,-1.039872998196205,-0.47891297644288283,-0.8046370721916675
233,NHPC,National Hydro Power Company Limited,Hydro Power,265.5,265.5,0.4666272747424482,0.21774101353356423,0.21774101353356423,0.0212765957446808,-0.0035001750087504,-285.7,2.8,0.0,-0.67,,-0.9292964648232412,,0.0,,0.5352464129756707,-0.0015794223826715,-0.4270679245457595,-3.18870534533026,-3.61577326987602,-3.409696606125026,0.9399653808284404,-0.1831427877521426,0.014942668735580613,-0.02534879252084904,0.3902620826552378,0.4742,-0.5497152862815734,-0.6406075931045933,-0.2629679891062988,0.2477642055205378,0.038288804881875096,-0.4928107294256281,-1.1696164362874553,-0.7698059160836018,-0.8189320495019538
234,SABBL,Salapa Bikas Bank Limited,Development Banks,871.0,871.0,0.7042628087107532,0.49598610373315893,0.49598610373315893,0.0016725204883759,0.0016725204883759,597.9,8.4,1.41,0.35,,1.456765345375481,,0.0,58.29824678405655,0.3358823529411764,-0.0024394992727314,0.6460305399758802,-2.125983594500029,-1.4799530545241488,-1.1510527110370128,0.8488255496911973,0.6956814049714489,0.0071519108832059815,-0.12122663546383161,0.6150302348067335,0.40865,-0.7067133435114044,-0.7814432596641568,-0.42565702821460005,0.28365273423659465,0.011628551701126354,-0.7811393053106301,-0.4286161449994465,-1.6887472266112713,-0.821651625446285
235,PURE,Pure Energy Limited,Others,817.0,817.0,0.5092930840111244,0.2593794454215622,0.2593794454215622,0.0038714672861014,0.0038714672861014,258.3,7.9,3.05,1.09,,3.1629887727448702,,0.0,85.79017759345636,0.2583333333333333,0.0088038821045352,-0.682318844331749,-1.3565978817394415,-2.0389167260711907,-2.0120749467245465,0.8624034903164209,-1.8438407070037723,0.004234608043333981,-0.05219624746633034,0.42851965338826753,0.44645,-0.5863676640504808,-0.6701791555785264,-0.29970118626444175,0.24268586295906525,0.009881945926753429,-0.8000287116543444,-0.7110943740099799,-1.158831413675407,-0.8362155170008111
236,TPKHL,Taksar Pikhuwa Khola Hydropower Limited,Hydro Power,500.0,500.0,0.826104063283325,0.6824479233732198,0.6824479233732198,0.0059276822762299,0.0059276822762299,168.7,4.9,2.89,1.7,,2.963841138114997,,0.0,82.49083165356424,0.4232804232804232,-0.0011187470033562,0.0333051365189859,-0.9008703774036196,-0.8675652408846338,-0.7905290229484573,0.887443467724365,-0.1831427877521426,0.007130530564303808,-0.18170045517861472,0.7359109314071857,0.38885,-0.7728660841949913,-0.8363713994063875,-0.49406391057208476,0.29762488394215636,0.009689393457804781,-0.8021111517114101,-0.31033802312692493,-1.9663221762443437,-0.8382441051842029
237,MABEL,Mabilung Energy Limited,Hydro Power,579.0,579.0,0.4316952040760713,0.18636074922228085,0.18636074922228085,0.0212765957446808,-0.0020076289901626,-498.1,5.7,0.0,-0.36,,-1.1624171853041558,,0.0,,0.4288527818808469,0.0100657676674284,-1.6795076599377068,-2.9239210204311163,-4.603428680368824,-3.7485925318737854,0.8066106651782652,-0.1831427877521426,0.014077695858099074,-0.015357349120537767,0.36169320347169964,0.4814,-0.5191217311699091,-0.6099236836846906,-0.2444798891123354,0.23068799765782472,0.03892164885315732,-0.4859665708289284,-1.2807990712492028,-0.6688695707624851,-0.8404801709837496
238,RIDI,Ridi Power Company Limited,Hydro Power,343.0,343.0,0.4572057543392956,0.20903710180096433,0.20903710180096433,0.005938242280285,0.005938242280285,168.4,3.4,2.01,1.25,,2.0368171021377672,,0.0,67.99467104064809,0.6417910447761194,-8.745590764648199e-05,-1.1562133062395286,-1.2849239779246326,-2.441137284164161,-2.314948577031241,0.9441146967658977,-0.1831427877521426,0.0031053799007195013,-0.035814437792295095,0.38016525744177504,0.46065,-0.5468262769908471,-0.6353360267187517,-0.2687581111394841,0.2300552336416214,0.00816849998765369,-0.8185594969446097,-0.8104590630469702,-0.9597625104032041,-0.8435599260772729
239,CHL,Chhyangdi Hydropower Ltd.,Hydro Power,267.0,267.0,0.313958566374851,0.0985699814001517,0.0985699814001517,0.0064432989690721,0.0064432989690721,155.2,3.2,2.07,0.99,,1.720360824742268,,0.0,56.830525618497866,0.3996333638863428,0.0156725502130249,-2.38665019709337,-1.409477155859409,-3.7961273529527793,-3.0227830560473223,0.7859541653307585,-0.1831427877521426,0.0010728219341964273,-0.001126048562405002,0.2540808429476027,0.49805,-0.41266191208051045,-0.5044676724504473,-0.16906576259636275,0.16435721763061661,0.00422236451103741,-0.8612366468766908,-1.0426805107374544,-0.435454272207402,-0.8486577174871384
240,SSHL,Shiva Shree Hydropower Ltd,Hydro Power,207.1,207.1,0.4120686054528092,0.16980053559982294,0.16980053559982294,0.0212765957446808,-0.0194931773879142,-51.3,3.9,0.0,-2.39,,-4.037037037037037,,0.0,,0.5609999999999999,-0.0045662100456621,-0.0985775126350547,-5.05264686696794,-5.151224379602995,-4.798688855356168,0.929039908518191,-0.1831427877521426,0.02010182585685429,-0.004337131129431238,0.34133706968329114,0.4946,-0.4924710437534565,-0.5859923523372668,-0.22059992681984733,0.2289221018039304,0.058891423294591835,-0.26999500497743645,-1.6253074212698204,-0.48381960434043736,-0.8548848913669902
241,HRL,Himalayan Reinsurance Limited,Others,510.0,510.0,0.3320114572072148,0.11023160771685823,0.11023160771685823,0.0212765957446808,-0.0421940928270042,-23.7,4.4,0.0,-9.3,,-21.51898734177216,,4.488,,0.053763440860215,0.0012564787183916,1.423754789357252,-7.387555810391728,-5.963801021034476,-5.614534314245067,0.9152257108885332,-1.8438407070037723,0.01816348867110257,0.012806203431723007,0.27628301651383436,0.51785,-0.42770667147002867,-0.5268238414400905,-0.16776188705775313,0.19360104027614244,0.06574232792261796,-0.1959030013670167,-1.892964365331432,-0.15787932257432963,-0.8671228111942454
242,BUNGAL,Bungal Hydro Limited,Hydro Power,514.0,514.0,0.6415949240782299,0.4116440466029496,0.4116440466029496,0.0212765957446808,-0.0074682598954443,-133.9,6.3,0.0,-1.07,,-3.8386855862584017,,0.0,,0.3570705366182923,0.0011686793922867,0.0017107699959214,-3.634916869111012,-3.6332060991150903,-3.174897595122654,0.8671593931383879,-0.1831427877521426,0.02460468313355727,-0.08313251497811025,0.5681668436913215,0.43655,-0.6710362146583564,-0.7500234546107745,-0.38180120010103213,0.31069451283672,0.04330538363291877,-0.4385568182831848,-1.0925851982400274,-1.2976188884919433,-0.8719805843076736
243,DHEL,Daramkhola Hydro Energy Limited,Hydro Power,554.0,554.0,0.473935499746815,0.22461485792026326,0.22461485792026326,0.0212765957446808,-0.017825311942959,-56.1,4.7,0.0,-3.53,,-9.875222816399289,,0.0,,0.2937874975808012,-0.0011719102136482,0.6540961403131931,-5.659978345514814,-5.005882205201621,-4.073477167259996,0.8066648522273404,-0.1831427877521426,0.01772346545774987,-0.023223583795702052,0.3957237868156837,0.4753,-0.5501361692224686,-0.6453515975945371,-0.2622137087012705,0.24598065150037002,0.04478746552075458,-0.42252821731051193,-1.3873849788284047,-0.7543850855484313,-0.874842295565253
244,KKHC,Khanikhola Hydropower Co. Ltd.,Hydro Power,275.1,275.1,0.5348465801654925,0.28606086431472255,0.28606086431472255,0.0212765957446808,-0.0109289617486338,-91.5,3.2,0.0,-1.88,,-3.0065573770491807,,0.0,,0.4357142857142859,-0.0100755667506295,1.325010165901823,-4.304288418064468,-2.9792782521626453,-2.7982178167569214,0.9352461861342988,-0.1831427877521426,0.010653533420864655,-0.05533310085725113,0.45406233058000883,0.4476,-0.6019534139527449,-0.6851351810672709,-0.31525684560672773,0.2588712132031755,0.02346271140188193,-0.653153783561031,-0.9690066978405948,-1.1427096362977287,-0.8774061198201961
245,MKCL,Muktinath Krishi Company Limited,Others,867.0,867.0,0.2439253732650272,0.059499587722482844,0.059499587722482844,0.0004362240446693,0.0004362240446693,2292.4,8.4,0.36,0.22,,0.3782062467283196,,7.9764,29.636404491718448,0.0706494794248884,0.0197720509533162,-1.448000412148316,-2.4008965629205603,-3.848896975068876,-3.470283159353285,0.8111704784819049,-1.8438407070037723,-0.0011655804941906823,0.007966990818615405,0.19766022269385886,0.5178,-0.33970338266220174,-0.4388653439922613,-0.12388238154724776,0.12649908127112125,-0.00589688951224123,-0.9706755963783911,-1.1894932542701,-0.1585802694168373,-0.895783594142764
246,MEPDL,Mount Everest Power Development Limited,Hydro Power,654.0,654.0,1.188974352026075,1.4136600097758247,1.4136600097758247,0.015432098765432,0.015432098765432,64.8,5.9,9.06,3.81,,10.092592592592592,,0.0,158.65563390403608,0.6378378378378379,0.0040838885988883,-1.766477527510739,1.647189271762389,-0.1192882557483498,-0.1259500780167533,0.8956718958020433,-0.1831427877521426,0.015261141454017572,-0.3644716013965454,1.2215197591495819,0.33085,-0.8949847937491945,-0.930288799546692,-0.6872757525810081,0.26033400000991147,0.01249356904766103,-0.7717842096200062,-0.09230755234344598,-2.779420513553342,-0.9015208074960492
247,KAHL,Kalanga Hydro Limited,Hydro Power,485.0,485.0,0.7087747656702973,0.5023616684509848,0.5023616684509848,0.0077220077220077,0.0077220077220077,129.5,4.8,3.68,1.22,,3.745173745173745,,0.0,92.27360639041608,0.5969773299748111,-0.0004740020196608,-0.8858649523468691,-1.0008947818665392,-1.8867597342134084,-1.661283184216412,0.8676483287717032,-0.1831427877521426,0.004500201988416821,-0.13388353049064294,0.6257660833024018,0.40725,-0.7157578658143544,-0.7885238573691313,-0.4312531979112796,0.2899892730251126,0.007191508310369861,-0.8291255863606757,-0.5960090350748519,-1.7083737382014887,-0.9117285962145087
248,CITY,City Hotel Limited,Hotels And Tourism,353.5,353.5,0.4232092936421193,0.17910610622506154,0.17910610622506154,0.0212765957446808,-0.016260162601626,-61.5,3.7,0.0,-3.05,,-5.747967479674797,,0.0,,0.081727781230578,0.0101154417647731,-0.0443637989848175,-5.288176602906352,-5.332540401891169,-5.010036674852282,0.9211264221572808,-1.243671405964712,0.018350054779636454,-0.010554432754393828,0.3520324112637847,0.48665,-0.5048465545012151,-0.6051893649046265,-0.22460095290215534,0.22973201386285652,0.052126037809303874,-0.3431621256743509,-1.6946449543578341,-0.5952701522991701,-0.934176862472708
249,JOSHI,Joshi Hydropower Development Company Ltd,Hydro Power,264.0,264.0,0.3338903258801965,0.11148274971638383,0.11148274971638383,0.0212765957446808,-0.0247524752475247,-40.4,4.1,0.0,-8.87,,-6.534653465346535,,0.0,,0.1323119777158774,0.015853470832692,-1.1489357209491686,-6.494607210743114,-7.643542931692282,-6.282595574498331,0.8175771632974127,-0.1831427877521426,0.01859163714559274,0.010769343694733924,0.2809400351219259,0.51705,-0.4279764969111059,-0.5252556859130957,-0.17176871475181194,0.19480423853280293,0.0661765317197462,-0.1912071208882728,-2.112137290077328,-0.16909447205445408,-0.9551566587971313
250,GCIL,Ghorahi Cement Industry Limited,Manufacturing And Processing,401.3,401.3,0.3343129457722312,0.1117651457109068,0.1117651457109068,0.0212765957446808,-0.0152905198776758,-65.4,2.4,0.0,-1.4,,-6.136085626911314,,9.99237,,0.4919724770642203,0.0097375638477216,-1.9287092177574567,-4.235912955276792,-6.164622173034249,-5.872954470170539,0.9438512254356982,-0.9700706422667996,0.013504935716970666,0.009263154802741536,0.2728992181760305,0.5126,-0.4299918889528298,-0.5244355294081355,-0.17219845413181642,0.18961171596939508,0.04948689779044901,-0.37170422083145965,-1.9777450654816013,-0.23147874103764537,-0.9860754627327535
251,NRIC,Nepal Reinsurance Company Limited,Others,817.0,817.0,0.3824829095899026,0.1462931761283576,0.1462931761283576,0.0212765957446808,-0.048780487804878,-20.5,7.5,0.0,-14.21,,-39.85365853658536,,4.9837,,0.05,0.0023678947820431,1.2739802549753714,-7.72475573725772,-6.450775482282348,-5.868959386898428,0.8737086319289732,-1.8438407070037723,0.018001830970533168,0.0011100039350939728,0.3194315904794164,0.50165,-0.47285015864811003,-0.5677895905026433,-0.20498016948304063,0.21811863386491437,0.05635582549463959,-0.29741729904646985,-1.976434386151056,-0.3849860995468428,-0.986537893988379
252,RHPL,RASUWAGADHI HYDROPOWER COMPANY LIMITED,Hydro Power,172.0,172.0,0.4060819716317917,0.1649025676843633,0.1649025676843633,0.0212765957446808,-0.1234567901234568,-8.1,2.6,0.0,-6.15,,-21.23456790123457,,0.0,,0.0946745562130177,0.0006399441503287,1.323122298479384,-7.836166447141397,-6.513044148662013,-5.886812487277946,0.9010677061650056,-0.1831427877521426,0.018717608380729014,-0.0067486882122575476,0.3419031959283872,0.4916,-0.48967594146827487,-0.5880289183956711,-0.22424677687736516,0.22816072443199614,0.0547453448918608,-0.3148345221891567,-1.9822915080330787,-0.5258764148909029,-1.024025695067075
253,KHPL,Kalinchock Hydropower Limited,Hydro Power,716.7,716.7,0.9534934402520124,0.909149740603618,0.909149740603618,0.0015382248884786,0.0015382248884786,650.1,6.7,1.04,0.44,,1.1024457775726813,,0.0,51.51114210391429,0.406615925058548,-0.0015602797358669,0.178739375334613,-2.124904988642897,-1.946165613308284,-1.6800292191367543,0.8490454063817481,-0.1831427877521426,0.007194258209076294,-0.2434900296561388,0.8824020586103195,0.36575,-0.8197552524565728,-0.8748139787984899,-0.5703890070448338,0.2979989743336656,0.00815303878643077,-0.8187267086398571,-0.6021591047545735,-2.2901596174829266,-1.0263862488543576
254,LEC,Liberty Energy Company Limited,Hydro Power,254.8,254.8,0.4223450152018049,0.17837531186581282,0.17837531186581282,0.0044033465433729,0.0044033465433729,227.1,3.6,1.62,0.42,,1.1219726992514312,,0.0,42.26986543103615,0.7791666666666668,0.0039796682296387,-2.419546438125561,-1.9171146714990532,-4.336661109624615,-4.108696426968768,0.9451152817948624,-0.1831427877521426,0.0020423129500641516,-0.024544721059431063,0.3474992613311533,0.46975,-0.5150381650562955,-0.6087138812394709,-0.24189997266921534,0.21286871828595377,0.005877172061433266,-0.8433400312243715,-1.398939470335412,-0.8321901850667924,-1.063349837637272
255,CREST,Crest Micro Life Insurance Limited,Life Insurance,1099.0,1099.0,0.5584867369268501,0.3119074353232007,0.3119074353232007,0.0003065134099616,0.0003065134099616,3262.5,10.5,0.31,0.22,,0.3368582375478927,,0.0,28.16560223793,0.1683673469387755,0.0178564813099692,-1.6215752765700764,-2.413852741243273,-4.0354280178133495,-3.55774875127842,0.8355590889801634,-1.130559250227243,0.0036492833990436823,-0.06713039785927588,0.4687930091000555,0.44005,-0.6135454217673721,-0.6976520046676047,-0.33645599487336536,0.25959882372886833,0.007784423675705471,-0.8227132525486697,-1.218188361646324,-1.2485526095164001,-1.0660711675812775
256,SKHEL,Suryakunda Hydro Electric Limited,Hydro Power,845.0,845.0,0.7953040886145439,0.6325085933670104,0.6325085933670104,0.0212765957446808,-0.0056947608200455,-175.6,9.3,0.0,-1.35,,-4.812072892938497,,0.0,,0.3141000504173435,0.0110800009572354,-1.2894150014603416,-3.714261856350561,-5.003676857810903,-3.7505143397035,0.7400365810313364,-0.1831427877521426,0.025924600887500263,-0.15567082161159485,0.7245831733756904,0.40385,-0.7476465943850757,-0.8176547017264477,-0.47820356247407114,0.32924451834021506,0.03577864052062187,-0.519957962822498,-1.2814295646902958,-1.7560381234920164,-1.0717626357035208
257,TSHL,Three Star Hydropower Limited,Hydro Power,359.9,359.9,0.5066039577717938,0.2566475700300454,0.2566475700300454,0.0212765957446808,-0.0177935943060498,-56.2,5.9,0.0,-2.29,,-6.4039145907473305,,0.0,,0.0875147829025172,0.0238393263541192,-2.141088191502148,-4.904869342904467,-7.045957534406615,-5.331036565907323,0.750114052060739,-0.1831427877521426,0.018292884126030917,-0.038250783981144565,0.4317462287826856,0.4628,-0.5798597194617766,-0.6658742031329541,-0.2900280723748131,0.26420396882731056,0.042369528455657744,-0.4486780196335577,-1.7999563818442532,-0.9296217961753708,-1.0853781198261985
258,SAIL,Shreenagar Agritech Industries Limited,Manufacturing And Processing,993.5,993.5,0.6178224414055713,0.3817045691043406,0.3817045691043406,0.0011004732034774,0.0011004732034774,908.7,9.2,1.01,0.58,,1.0933201276548916,,0.0,51.54125068454091,0.4983072822876899,0.0074327955626312,-1.6111644647426386,-2.066034680628814,-3.677199145371453,-3.435398764277497,0.9106801244135072,-0.9700706422667996,0.003914439771175266,-0.09654208758370036,0.5274976878390641,0.4229,-0.6569998838663798,-0.736333772645285,-0.3721602005856926,0.2735828501538414,0.007420771429749913,-0.8266461234588929,-1.1780486228393638,-1.4889773764965608,-1.0996733738186149
259,HDHPC,Himal Dolakha Hydropower Company Limited,Hydro Power,220.3,220.3,0.4125301089518142,0.1701810907917957,0.1701810907917957,0.0212765957446808,-0.015432098765432,-64.8,3.1,0.0,-4.03,,-3.3996913580246915,,0.0,,0.5068870523415979,-9.077705156128272e-05,-0.5173319128094771,-5.841279034694456,-6.358610947503934,-5.98435476537457,0.9393963060859816,-0.1831427877521426,0.013220654820114345,-0.015015612529810152,0.34364664442512816,0.48235,-0.49792412193506924,-0.5936336904183568,-0.2273255958767233,0.22623612512621655,0.03847165405101108,-0.49083322980545185,-2.0142925050205553,-0.6555515807548375,-1.1331606100813703
260,HIMSTAR,Him Star Urja Company Limited,Hydro Power,644.0,644.0,0.5361944075280098,0.2875044426643135,0.2875044426643135,0.0212765957446808,-0.0460829493087557,-21.7,9.5,0.0,-8.37,,-29.67741935483871,,0.0,,0.0879670491320976,0.006847815890685,0.4188163867476694,-7.586651389330463,-7.167835002582794,-5.154458814701594,0.71174446547463,-0.1831427877521426,0.012947131694218144,-0.051200984252430304,0.4538897200179593,0.44985,-0.6011688673801366,-0.6886034997289215,-0.3133620429939017,0.2688338865393956,0.028524840116902973,-0.5984072530816231,-1.742025972644742,-1.1111670283848794,-1.1584066959675219
261,ULHC,Upper Lohore Khola Hydropower Company Limited,Hydro Power,339.0,339.0,0.6802955091943973,0.46280197983006427,0.46280197983006427,0.0212765957446808,-0.0167785234899328,-59.6,3.8,0.0,-2.39,,-5.6879194630872485,,0.0,,0.2330383480825958,0.00889854468617,-0.5768937604509452,-4.913666271522192,-5.490560031973137,-4.645680403872079,0.840811530500827,-0.1831427877521426,0.015939845239057216,-0.10856985938168845,0.5987477532498605,0.42415,-0.6967050526595499,-0.7716077899431565,-0.4134782377378148,0.30206109056109853,0.026621970859246693,-0.6189866369095143,-1.5751094651573898,-1.4714537054338666,-1.171929181913535
262,BJHL,Bhujung Hydropower Limited,Hydro Power,643.0,643.0,0.7855036114861141,0.6170159236577282,0.6170159236577282,0.0212765957446808,-0.0040420371867421,-247.4,7.2,0.0,-1.43,,-2.5990299110751818,,0.0,,0.3603246690501497,0.0075053665721313,-0.9691580053771645,-3.678260248804301,-4.647418254181465,-3.8221069268699535,0.815129838309099,-0.1831427877521426,0.011623170818597024,-0.15774287517400576,0.694666903629576,0.4006,-0.7488759497610545,-0.8169554655218298,-0.47462115777826264,0.30888315064604815,0.01673200602744558,-0.7259458415417144,-1.304917166281576,-1.8015996682550202,-1.1726651367803202
263,PCIL,Palpa Cement Industries Limited,Manufacturing And Processing,633.0,633.0,0.7262412400467798,0.5274263387446845,0.5274263387446845,0.0016849199663016,0.0016849199663016,593.5,4.9,0.83,0.39,,1.0665543386689131,,0.0,55.67837701513203,0.3397959183673469,0.0086684938491937,-1.0473944526579178,-2.174302108122204,-3.2216965607801216,-3.094237350594897,0.9433923685381176,-0.9700706422667996,-0.003595282001160948,-0.14694573569395397,0.6345004157634188,0.3984,-0.7261641727735034,-0.7929274387052272,-0.4472031366977717,0.2814364934757419,-0.005666319377955291,-0.9681819982115034,-1.066122742241358,-1.832441329325362,-1.180210162046217
264,DLBS,Dhaulagiri Laghubitta Bittiya Sanstha Limited,Microfinance,1205.1,1205.1,0.5872720814765845,0.3448884976818401,0.3448884976818401,0.0130378096479791,0.0130378096479791,76.7,8.0,9.59,0.82,11.2703,15.71186440677966,,0.0,230.7659191214468,0.4896126760563378,0.0326655126908772,-4.557790664116078,-1.253913160993604,-5.811703825109682,-4.418043890419607,0.8193920613950958,1.9047894002453176,0.005734466336010404,-0.07755355851750867,0.49692362282101926,0.4324,-0.6417737661972825,-0.7247425108169573,-0.3510391619045664,0.2687856097173159,0.011539935057737897,-0.7820976874540657,-1.5004280498431375,-1.3557974764200869,-1.184169790202899
265,TVCL,Trishuli Jal Vidhyut Company Limited ,Hydro Power,305.0,305.0,0.4994024926588708,0.24940284967389353,0.24940284967389353,0.0212765957446808,-0.0241545893719806,-41.4,4.0,0.0,-1.72,,-7.367149758454106,,0.0,,0.0876692801140412,0.0266249284728534,-2.5618430009526056,-4.884169478628987,-7.446012479581593,-6.315258760875148,0.844310339206758,-0.1831427877521426,0.01817492096140704,-0.033749896061979034,0.42269566935710656,0.4668,-0.5715629246678554,-0.661860437426058,-0.28558363103197615,0.26322513279609594,0.04299765121570786,-0.4418849205711308,-2.122853202697397,-0.8735460487747502,-1.2006044590623615
266,SNORL,Snow Rivers Limited,Hydro Power,899.0,899.0,0.9574001278164788,0.9166150047430098,0.9166150047430098,0.013262599469496,0.013262599469496,75.4,8.0,10.64,3.71,,11.923076923076922,,9.9789,173.62820855981985,0.7916391929315574,0.0181546371903914,-4.615923694662586,1.6749221408570776,-2.941001553805508,-2.754696886574762,0.9324458998684124,-0.1831427877521426,0.0014970150331873654,-0.24635112032427603,0.8771780409408794,0.36285,-0.8233899261251953,-0.8775331696858595,-0.5781800942834768,0.2901398566182409,0.0017066262073565316,-0.8884441620297515,-0.95472865161461,-2.330814534348377,-1.20343203232742
267,TRH,Taragaon Regency Hotel Limited,Hotels And Tourism,813.9,813.9,0.2056028248286011,0.04227252157750043,0.04227252157750043,0.0212765957446808,-0.0442477876106194,-22.6,6.9,0.0,-17.01,,-36.01327433628318,,4.96479,,0.7143625605164066,0.0119106823154962,-3.308754789746401,-7.49269765705694,-10.801452446803342,-9.87572753492348,0.9031443691873235,-1.243671405964712,0.013290360021141444,0.027979905447682807,0.1676681229890535,0.5736,-0.2877457518404044,-0.385222694231953,-0.08217965453475617,0.12002512155140832,0.0792658722732235,-0.049646915309162834,-3.2909472100924257,0.623676406821819,-1.2115023687962716
268,APHL,Appolo Hydropower Limited,Hydro Power,671.0,671.0,0.8514088498111059,0.7248970295366702,0.7248970295366702,0.0212765957446808,-0.0061425061425061,-162.8,6.6,0.0,-1.23,,-4.121621621621621,,0.0,,0.4926363274512405,0.0062232885956361,-1.4019548055353508,-3.6642668996511496,-5.0662217051865,-4.1579056061609485,0.8139870122142538,-0.1831427877521426,0.017643036533984184,-0.19107175566975187,0.7774224703187324,0.3884,-0.7840016647035881,-0.8425008381161309,-0.5034700453178408,0.31564398541113753,0.022694271400144617,-0.6614644027382705,-1.4150836780145197,-1.9726306978269128,-1.2251453718664986
269,SAGAR,Sagar Distillery Limited,Manufacturing And Processing,1608.0,1608.0,0.4539716541047859,0.20609026273063538,0.20609026273063538,0.0212765957446808,-0.0049067713444553,-203.8,13.4,0.0,-3.72,,-7.8900883218842,,0.0,,0.607926397735315,0.0092831453480708,-2.408897045624579,-5.114048525120053,-7.522945570744632,-6.793166205970805,0.8886321846915904,-0.9700706422667996,0.01391999027529707,-0.02235905786368647,0.38046565019880485,0.47445,-0.5375472151515206,-0.6274865402221692,-0.25908299901336435,0.24354179785031216,0.03658672016257829,-0.5112186440025552,-2.27964177693645,-0.7663011818710634,-1.2696044047498147
270,SAPIL,Sarvottam Paints Industries Limited,Manufacturing And Processing,1348.9,1348.9,1.2753817188286507,1.6265985287223235,1.6265985287223235,0.0037397157816005,0.0037397157816005,267.4,12.0,4.5,3.58,,5.044502617801048,,9.98186,112.95349912534668,0.8043711656441719,0.0089382549833576,-3.286491538467831,0.3328519899930049,-2.9536395484748263,-2.805242761060724,0.9251869763890423,-0.9700706422667996,0.004716699947046128,-0.41441289474159554,1.3536393108185838,0.31095,-0.9132755611404307,-0.9435684234837243,-0.7278891770158167,0.21055572654801086,0.0034844584590217067,-0.8692170437496,-0.9713113930547099,-3.0583973568714287,-1.3478908460960097
271,AHL,Asian Hydropower Limited,Hydro Power,402.7,402.7,0.4035760388530812,0.16287361913634368,0.16287361913634368,0.0212765957446808,-0.0432900432900432,-23.1,5.9,0.0,-4.54,,-17.432900432900432,,0.0,,0.1676966292134831,0.0309515885409999,-3.034448311979346,-7.44366456445628,-10.478112876435626,-8.213916472753159,0.7800677045024799,-0.1831427877521426,0.014046574020061089,-0.006797672253179787,0.33277003160158014,0.4908,-0.4938303070503264,-0.585594497047392,-0.2209127039926177,0.22428744890191765,0.04221105474088728,-0.45039190060029843,-2.7457517130015225,-0.5370915643710265,-1.3858757583149335
272,NABBC,Narayani Development Bank Limited,Development Banks,751.8,751.8,0.5050111366852672,0.2550362481761456,0.2550362481761456,0.0212765957446808,-0.0136239782016348,-73.4,25.5,0.0,-8.66,,-10.2425068119891,,0.0,,0.0765558397271952,0.0316861302850241,-2.603160011836249,-5.924867861279768,-8.528027873116017,-7.32628899265421,0.8697119733254443,0.6956814049714489,0.010532145393892097,-0.04556375359783005,0.4283764650389108,0.456,-0.5803835255247713,-0.6701620293631089,-0.29899287259840845,0.25582569394244126,0.02458619054372053,-0.6410034435471282,-2.454545019135807,-1.0249505667564254,-1.4432094984244592
273,SIPD,Shikhar power Development Limited,Hydro Power,569.9,569.9,0.7890316339473697,0.6225709193696561,0.6225709193696561,0.0212765957446808,-0.0135685210312075,-73.7,6.1,0.0,-4.76,,-7.73270013568521,,0.0,,0.3062734584450401,0.0119502104160378,-1.383592203387514,-5.92202865198924,-7.305620855376754,-6.144575272396305,0.8369885351759793,-0.1831427877521426,0.016022704927578155,-0.15329684367011498,0.7175507010642337,0.3986,-0.7523973139608854,-0.8215891516734061,-0.47356874066744115,0.30325650759161443,0.02232971817017824,-0.6654070177208761,-2.066856542508542,-1.8296375419553306,-1.4588329324828333
274,HFIN,Hotel Forest Inn Limited,Hotels And Tourism,617.5,617.5,0.8013031977325333,0.6420868146963834,0.6420868146963834,0.0212765957446808,-0.0198019801980198,-50.5,5.8,0.0,-5.56,,-12.227722772277229,,0.0,,0.3823856475646823,0.0062083462334402,-0.8779833232388712,-6.241159524375783,-7.119142847614654,-6.527520180549186,0.8993063496366295,-1.243671405964712,0.016742862648457778,-0.16388930895517373,0.7336269565554945,0.3949,-0.7600387582881346,-0.8239746420324441,-0.48422310532532165,0.3054887149445094,0.022822038501786268,-0.6600826114172528,-2.1924904634226166,-1.881507608300905,-1.5173307515961287
